รหัส,คณะ/สาขา,มหาวิทยาลัย,สมัคร,รับ,ผ่าน,สูงสุด,ต่ำสุด,เฉลี่ย,SD
0001,คณะทันตแพทยศาสตร์,จุฬาลงกรณ์มหาวิทยาลัย,394,12,12,23351.0000,22471.0000,22857.4167,236.5162
0002,คณะเภสัชศาสตร์ สาขาวิชาเภสัชกรรมอุตสาหการ*,จุฬาลงกรณ์มหาวิทยาลัย,316,105,105,21417.5000,19551.0000,20144.5436,417.0583
0003,คณะเภสัชศาสตร์ สาขาวิชาการบริบาลทางเภสัชกรรม*,จุฬาลงกรณ์มหาวิทยาลัย,280,95,95,21552.0000,19781.0000,20357.2411,390.1722
0004,คณะสัตวแพทยศาสตร์*,จุฬาลงกรณ์มหาวิทยาลัย,438,120,120,22418.0000,20175.0000,20680.9155,478.5715
0005,คณะสหเวชศาสตร์ สาขาวิชาเทคนิคการแพทย์,จุฬาลงกรณ์มหาวิทยาลัย,396,113,113,21513.0000,18850.0000,19542.0793,474.2482
0006,คณะสหเวชศาสตร์ สาขาวิชากายภาพบำบัด,จุฬาลงกรณ์มหาวิทยาลัย,220,70,70,21278.6200,18701.8000,19299.8049,490.5006
0007,คณะสหเวชศาสตร์ สาขาวิชาโภชนาการและการกำหนดอาหาร,จุฬาลงกรณ์มหาวิทยาลัย,198,42,42,20612.0000,18730.0000,19214.8643,386.6276
0008,คณะสหเวชศาสตร์ สาขาวิชารังสีเทคนิค,จุฬาลงกรณ์มหาวิทยาลัย,180,21,21,20626.0000,19457.0000,19823.0971,328.8485
0009,คณะวิทยาศาสตร์การกีฬา,จุฬาลงกรณ์มหาวิทยาลัย,333,65,65,19113.2000,17153.0000,17785.4006,512.8015
0010,คณะวิทยาศาสตร์ สาขาวิชาคณิตศาสตร์*,จุฬาลงกรณ์มหาวิทยาลัย,98,25,25,18458.0000,16920.0000,17406.3400,397.3664
0011,คณะวิทยาศาสตร์ สาขาวิชาวิทยาการคอมพิวเตอร์*,จุฬาลงกรณ์มหาวิทยาลัย,160,55,55,18669.0000,16273.0000,17080.6796,633.0718
0012,คณะวิทยาศาสตร์ สาขาวิชาเคมี*,จุฬาลงกรณ์มหาวิทยาลัย,252,77,77,19139.0000,16698.2000,17480.8940,547.6386
0013,คณะวิทยาศาสตร์ สาขาวิชาชีววิทยา*,จุฬาลงกรณ์มหาวิทยาลัย,135,30,30,18977.1000,16974.1000,17539.4253,466.0866
0014,คณะวิทยาศาสตร์ สาขาวิชาสัตววิทยา*,จุฬาลงกรณ์มหาวิทยาลัย,225,19,19,16917.0000,16250.7400,16491.1284,204.2737
0015,คณะวิทยาศาสตร์ สาขาวิชาฟิสิกส์*,จุฬาลงกรณ์มหาวิทยาลัย,123,30,30,20245.9400,16692.0000,17642.3813,919.0105
0016,คณะวิทยาศาสตร์ สาขาวิชาพฤกษศาสตร์*,จุฬาลงกรณ์มหาวิทยาลัย,109,17,17,16907.5000,16180.0000,16510.2647,271.7708
0017,คณะวิทยาศาสตร์ สาขาวิชาพันธุศาสตร์*,จุฬาลงกรณ์มหาวิทยาลัย,235,30,30,17587.0000,16453.0000,16846.2333,320.1992
0018,คณะวิทยาศาสตร์ สาขาวิชาเคมีวิศวกรรม*,จุฬาลงกรณ์มหาวิทยาลัย,143,48,48,19282.0000,17645.0000,18270.9675,400.4106
0019,คณะวิทยาศาสตร์ สาขาวิชาธรณีวิทยา*,จุฬาลงกรณ์มหาวิทยาลัย,81,20,20,21322.2000,17747.2000,18430.2000,782.4508
0020,คณะวิทยาศาสตร์ สาขาวิชาวิทยาศาสตร์สิ่งแวดล้อม*,จุฬาลงกรณ์มหาวิทยาลัย,92,36,36,18061.3000,15599.0000,16739.7111,510.6258
0021,คณะวิทยาศาสตร์ สาขาวิชาวิทยาศาสตร์ทางทะเล*,จุฬาลงกรณ์มหาวิทยาลัย,85,30,30,18269.0000,16190.0000,17009.6900,528.6237
0022,คณะวิทยาศาสตร์ สาขาวิชาชีวเคมี*,จุฬาลงกรณ์มหาวิทยาลัย,82,12,12,18878.0000,17513.5000,18124.1500,489.5490
0023,คณะวิทยาศาสตร์ สาขาวิชาวัสดุศาสตร์*,จุฬาลงกรณ์มหาวิทยาลัย,110,73,54,18472.0000,11620.3000,16307.3548,1141.0765
0024,คณะวิทยาศาสตร์ สาขาวิชาจุลชีววิทยา*,จุฬาลงกรณ์มหาวิทยาลัย,229,49,49,17954.0000,16555.0000,17050.2339,416.4765
0025,คณะวิทยาศาสตร์ สาขาวิชาเทคโนโลยีทางภาพและการพิมพ์*,จุฬาลงกรณ์มหาวิทยาลัย,163,44,44,19195.0000,16073.1000,16855.7441,671.7945
0026,คณะวิทยาศาสตร์ สาขาวิชาเทคโนโลยีทางอาหาร*,จุฬาลงกรณ์มหาวิทยาลัย,239,74,74,19115.0000,16640.5000,17472.1773,597.8931
0027,คณะวิศวกรรมศาสตร์ สาขาวิชาวิศวกรรมศาสตร์,จุฬาลงกรณ์มหาวิทยาลัย,914,260,260,23866.0000,20322.0000,21043.8902,569.7924
0028,คณะวิศวกรรมศาสตร์ สาขาวิชาวิศวกรรมทรัพยากรธรณี,จุฬาลงกรณ์มหาวิทยาลัย,109,15,15,20286.5000,19515.6500,19932.0300,244.5749
0029,คณะวิศวกรรมศาสตร์ สาขาวิชาวิศวกรรมสำรวจ,จุฬาลงกรณ์มหาวิทยาลัย,162,35,35,20307.0000,19236.0000,19615.9480,285.1084
0030,คณะสถาปัตยกรรมศาสตร์ สาขาวิชาสถาปัตยกรรม,จุฬาลงกรณ์มหาวิทยาลัย,131,20,20,23026.0000,21345.0000,21912.1500,541.9522
0031,คณะสถาปัตยกรรมศาสตร์ สาขาวิชาการออกแบบอุตสาหกรรม,จุฬาลงกรณ์มหาวิทยาลัย,64,21,21,22924.5000,18654.0000,19991.3524,1165.0401
0032,คณะสถาปัตยกรรมศาสตร์ สาขาวิชาภูมิสถาปัตยกรรม,จุฬาลงกรณ์มหาวิทยาลัย,142,24,24,22308.4000,20092.0000,20858.7875,625.3127
0033,คณะสถาปัตยกรรมศาสตร์ สาขาวิชาสถาปัตยกรรมภายใน,จุฬาลงกรณ์มหาวิทยาลัย,85,12,12,21455.4000,20488.0000,21007.9250,318.0846
0034,คณะสถาปัตยกรรมศาสตร์ สาขาวิชาสถาปัตยกรรมผังเมือง,จุฬาลงกรณ์มหาวิทยาลัย,135,35,35,20132.0000,18252.2000,19006.6023,507.7389
0035,คณะพาณิชยศาสตร์และการบัญชี หลักสูตรบัญชีบัณฑิต*,จุฬาลงกรณ์มหาวิทยาลัย,377,50,50,25689.0000,21637.5000,22102.7180,610.9113
0036,คณะพาณิชยศาสตร์และการบัญชี หลักสูตรบริหารธุรกิจบัณฑิต*,จุฬาลงกรณ์มหาวิทยาลัย,437,50,50,22885.0000,21032.0000,21442.0876,436.2209
0037,คณะพาณิชยศาสตร์และการบัญชี หลักสูตรสถิติศาสตรบัณฑิต สาขาวิชาสถิติ*,จุฬาลงกรณ์มหาวิทยาลัย,176,30,30,21831.6000,20755.3000,21019.3813,246.0599
0038,คณะพาณิชยศาสตร์และการบัญชี หลักสูตรสถิติศาสตรบัณฑิต สาขาวิชาการประกันภัย*,จุฬาลงกรณ์มหาวิทยาลัย,166,20,20,23798.0000,21484.0000,21958.8650,565.1394
0039,คณะพาณิชยศาสตร์และการบัญชี หลักสูตรสถิติศาสตรบัณฑิต สาขาวิชาเทคโนโลยีสารสนเทศเพื่อธุรกิจ*,จุฬาลงกรณ์มหาวิทยาลัย,197,35,35,20888.2000,20178.0000,20457.5629,190.2406
0040,คณะเศรษฐศาสตร์,จุฬาลงกรณ์มหาวิทยาลัย,532,65,65,22337.0000,20573.0000,20959.7360,409.9533
0041,คณะจิตวิทยา (รูปแบบที่ 1),จุฬาลงกรณ์มหาวิทยาลัย,342,45,45,21366.0000,19871.0000,20327.9556,347.4037
0042,คณะจิตวิทยา (รูปแบบที่ 2),จุฬาลงกรณ์มหาวิทยาลัย,476,45,45,21238.0000,19293.0000,19745.5676,427.2333
0043,คณะจิตวิทยา (รูปแบบที่ 3),จุฬาลงกรณ์มหาวิทยาลัย,188,20,20,25401.0000,23817.0000,24338.1750,451.4103
0044,คณะครุศาสตร์ สาขาวิชาการศึกษาปฐมวัย (รูปแบบที่ 1),จุฬาลงกรณ์มหาวิทยาลัย,239,15,15,23342.0000,21427.0000,22000.4133,694.4816
0045,คณะครุศาสตร์ สาขาวิชาประถมศึกษา (รูปแบบที่ 1),จุฬาลงกรณ์มหาวิทยาลัย,251,15,15,22947.0000,21852.0000,22341.2827,366.6040
0046,คณะครุศาสตร์ สาขาวิชาธุรกิจศึกษา (รูปแบบที่ 1),จุฬาลงกรณ์มหาวิทยาลัย,164,25,25,22365.0000,21063.0000,21585.2000,369.5380
0047,คณะครุศาสตร์ (รูปแบบที่ 2) เลือกสอบวิชาคณิตศาสตร์,จุฬาลงกรณ์มหาวิทยาลัย,184,83,11,20978.0000,20061.0000,20617.4251,492.3273
0048,คณะครุศาสตร์ (รูปแบบที่ 2) เลือกสอบวิชาวิทยาศาสตร์,จุฬาลงกรณ์มหาวิทยาลัย,327,0,43,21448.0000,20070.0000
0049,คณะครุศาสตร์ (รูปแบบที่ 2) เลือกสอบวิชาภาษาฝรั่งเศส,จุฬาลงกรณ์มหาวิทยาลัย,54,0,3,21774.0000,20191.0000
0050,คณะครุศาสตร์ (รูปแบบที่ 2) เลือกสอบวิชาภาษาเยอรมัน,จุฬาลงกรณ์มหาวิทยาลัย,21,0,6,20602.0000,20080.0000
0051,คณะครุศาสตร์ (รูปแบบที่ 2) เลือกสอบวิชาภาษาญี่ปุ่น,จุฬาลงกรณ์มหาวิทยาลัย,27,0,5,22396.4000,20460.0000
0052,คณะครุศาสตร์ (รูปแบบที่ 2) เลือกสอบวิชาภาษาจีน,จุฬาลงกรณ์มหาวิทยาลัย,89,0,4,22140.0000,20342.0000
0053,คณะครุศาสตร์ (รูปแบบที่ 2) เลือกสอบวิชาภาษาอาหรับ,จุฬาลงกรณ์มหาวิทยาลัย,6,0,0
0054,คณะครุศาสตร์ (รูปแบบที่ 2) เลือกสอบวิชาภาษาบาลี,จุฬาลงกรณ์มหาวิทยาลัย,100,0,11,21866.1000,20156.1000
0055,คณะอักษรศาสตร์ สาขาวิชาภูมิศาสตร์และภูมิสารสนเทศ พื้นฐานวิทยาศาสตร์,จุฬาลงกรณ์มหาวิทยาลัย,208,20,20,21411.0000,19822.0000,20299.6290,421.1249
0056,คณะอักษรศาสตร์ สาขาวิชาอักษรศาสตร์ พื้นฐานวิทยาศาสตร์,จุฬาลงกรณ์มหาวิทยาลัย,652,50,50,23678.0000,21273.8000,21778.2280,538.9940
0057,คณะรัฐศาสตร์ สาขาวิชาการปกครอง พื้นฐานศิลปศาสตร์ (รูปแบบที่ 1),จุฬาลงกรณ์มหาวิทยาลัย,296,53,53,25749.0000,22856.0000,23679.5883,732.6179
0058,คณะรัฐศาสตร์ สาขาวิชาสังคมวิทยาและมานุษยวิทยา พื้นฐานศิลปศาสตร์ (รูปแบบที่ 1),จุฬาลงกรณ์มหาวิทยาลัย,366,53,53,24485.0000,22817.0000,23366.9294,459.0552
0059,คณะรัฐศาสตร์ สาขาวิชาความสัมพันธ์ระหว่างประเทศ พื้นฐานศิลปศาสตร์ (รูปแบบที่ 2) เลือกสอบวิชาภาษาฝรั่งเศส,จุฬาลงกรณ์มหาวิทยาลัย,126,49,15,25065.0000,21991.8000,22798.3886,835.3825
0060,คณะรัฐศาสตร์ สาขาวิชาความสัมพันธ์ระหว่างประเทศ พื้นฐานศิลปศาสตร์ (รูปแบบที่ 2) เลือกสอบวิชาภาษาเยอรมัน,จุฬาลงกรณ์มหาวิทยาลัย,64,0,7,23763.0000,22017.3000
0061,คณะรัฐศาสตร์ สาขาวิชาความสัมพันธ์ระหว่างประเทศ พื้นฐานศิลปศาสตร์ (รูปแบบที่ 2) เลือกสอบวิชาภาษาญี่ปุ่น,จุฬาลงกรณ์มหาวิทยาลัย,82,0,10,24609.0000,21990.0000
0062,คณะรัฐศาสตร์ สาขาวิชาความสัมพันธ์ระหว่างประเทศ พื้นฐานศิลปศาสตร์ (รูปแบบที่ 2) เลือกสอบวิชาภาษาจีน,จุฬาลงกรณ์มหาวิทยาลัย,80,0,9,24459.0000,22011.0000
0063,คณะรัฐศาสตร์ สาขาวิชาความสัมพันธ์ระหว่างประเทศ พื้นฐานศิลปศาสตร์ (รูปแบบที่ 2) เลือกสอบวิชาภาษาอาหรับ,จุฬาลงกรณ์มหาวิทยาลัย,7,0,0
0064,คณะรัฐศาสตร์ สาขาวิชาความสัมพันธ์ระหว่างประเทศ พื้นฐานศิลปศาสตร์ (รูปแบบที่ 2) เลือกสอบวิชาภาษาบาลี,จุฬาลงกรณ์มหาวิทยาลัย,149,0,8,24270.0000,22023.0000
0065,คณะรัฐศาสตร์ สาขาวิชารัฐประศาสนศาสตร์ พื้นฐานวิทยาศาสตร์,จุฬาลงกรณ์มหาวิทยาลัย,489,47,47,21296.0000,19734.4000,20177.1996,400.7377
0066,คณะนิติศาสตร์ พื้นฐานวิทยาศาสตร์,จุฬาลงกรณ์มหาวิทยาลัย,745,102,102,22342.0000,20227.5000,20835.8431,464.8525
0067,คณะนิติศาสตร์ พื้นฐานศิลปศาสตร์ (รูปแบบที่ 2) เลือกสอบวิชาภาษาฝรั่งเศส,จุฬาลงกรณ์มหาวิทยาลัย,106,15,15,22764.0000,21616.5000,22018.3600,397.0672
0068,คณะนิติศาสตร์ พื้นฐานศิลปศาสตร์ (รูปแบบที่ 2) เลือกสอบวิชาภาษาเยอรมัน,จุฬาลงกรณ์มหาวิทยาลัย,65,12,12,22983.0000,21267.3000,21761.4750,495.8932
0069,คณะนิติศาสตร์ พื้นฐานศิลปศาสตร์ (รูปแบบที่ 2) เลือกสอบวิชาภาษาญี่ปุ่น,จุฬาลงกรณ์มหาวิทยาลัย,70,13,13,26796.0000,21882.0000,22688.0769,1309.6402
0070,คณะนิติศาสตร์ พื้นฐานศิลปศาสตร์ (รูปแบบที่ 2) เลือกสอบวิชาภาษาจีน,จุฬาลงกรณ์มหาวิทยาลัย,77,16,16,22440.6000,20820.6000,21394.3125,436.6668
0071,คณะนิเทศศาสตร์ พื้นฐานวิทยาศาสตร์,จุฬาลงกรณ์มหาวิทยาลัย,376,15,15,24509.5000,21665.3000,22150.5000,758.1619
0072,คณะนิเทศศาสตร์ พื้นฐานศิลปศาสตร์ (รูปแบบที่ 1),จุฬาลงกรณ์มหาวิทยาลัย,350,15,15,26309.0000,25439.8400,25814.6227,283.9324
0073,คณะนิเทศศาสตร์ พื้นฐานศิลปศาสตร์ (รูปแบบที่ 2) เลือกสอบวิชาภาษาฝรั่งเศส,จุฬาลงกรณ์มหาวิทยาลัย,114,50,12,23382.8400,22263.0000,22721.0436,634.8755
0074,คณะนิเทศศาสตร์ พื้นฐานศิลปศาสตร์ (รูปแบบที่ 2) เลือกสอบวิชาภาษาเยอรมัน,จุฬาลงกรณ์มหาวิทยาลัย,43,0,4,24195.0000,22224.0000
0075,คณะนิเทศศาสตร์ พื้นฐานศิลปศาสตร์ (รูปแบบที่ 2) เลือกสอบวิชาภาษาญี่ปุ่น,จุฬาลงกรณ์มหาวิทยาลัย,85,0,24,24551.4000,22122.0000
0076,คณะนิเทศศาสตร์ พื้นฐานศิลปศาสตร์ (รูปแบบที่ 2) เลือกสอบวิชาภาษาจีน,จุฬาลงกรณ์มหาวิทยาลัย,80,0,10,24516.3000,22092.0000
0077,คณะเกษตร สาขาวิชาวิทยาศาสตร์เกษตร วิทยาเขตบางเขน,มหาวิทยาลัยเกษตรศาสตร์,536,151,151,17608.0000,12704.6000,13884.0678,973.4009
0078,คณะเกษตร สาขาวิชาการจัดการศัตรูพืชและสัตว์ วิทยาเขตบางเขน,มหาวิทยาลัยเกษตรศาสตร์,287,45,45,14867.7000,12432.5000,13084.9698,521.5981
0079,คณะเกษตร สาขาวิชาเคมีการเกษตร วิทยาเขตบางเขน,มหาวิทยาลัยเกษตรศาสตร์,118,38,38,15976.0000,11798.3000,13281.6474,1056.2923
0080,คณะเกษตร สาขาวิชาคหกรรมศาสตร์ วิทยาเขตบางเขน,มหาวิทยาลัยเกษตรศาสตร์,237,44,44,16782.0000,13374.3000,14146.5068,736.6085
0081,คณะเกษตร สาขาวิชาอาหารและโภชนาการ วิทยาเขตบางเขน,มหาวิทยาลัยเกษตรศาสตร์,238,35,35,17099.8400,14908.0000,15442.1554,544.9598
0082,คณะเกษตร สาขาวิชาเกษตรเขตร้อน วิทยาเขตบางเขน,มหาวิทยาลัยเกษตรศาสตร์,107,20,20,15716.0000,12987.0000,13777.3260,810.0363
0083,คณะเกษตร สาขาวิชาเกษตรเขตร้อน นานาชาติ วิทยาเขตบางเขน,มหาวิทยาลัยเกษตรศาสตร์,82,35,35,17901.5000,11172.5000,12619.4086,1235.8953
0084,คณะเกษตร สาขาวิชาสัตวศาสตร์และอุตสาหกรรม วิทยาเขตบางเขน,มหาวิทยาลัยเกษตรศาสตร์,180,23,23,18264.0000,13722.5000,14475.9652,943.3149
0085,คณะบริหารธุรกิจ สาขาวิชาการเงิน,มหาวิทยาลัยเกษตรศาสตร์,545,60,60,20410.0000,18807.0000,19181.8063,305.8831
0086,คณะบริหารธุรกิจ สาขาวิชาการจัดการ,มหาวิทยาลัยเกษตรศาสตร์,842,85,85,19575.0000,17889.0000,18305.1748,302.5723
0087,คณะบริหารธุรกิจ สาขาวิชาการจัดการการผลิต,มหาวิทยาลัยเกษตรศาสตร์,430,60,60,19194.0000,17759.8400,18095.1657,282.9389
0088,คณะบริหารธุรกิจ สาขาวิชาการตลาด,มหาวิทยาลัยเกษตรศาสตร์,743,60,60,20300.3000,18484.0000,18921.9950,399.5438
0089,คณะบริหารธุรกิจ สาขาวิชาบัญชี,มหาวิทยาลัยเกษตรศาสตร์,1332,150,150,21337.5000,19689.0000,20112.5743,329.5213
0090,คณะบริหารธุรกิจ สาขาวิชาบัญชี ภาคพิเศษ,มหาวิทยาลัยเกษตรศาสตร์,812,100,100,20127.0000,18795.0000,19171.0890,281.0525
0091,คณะประมง,มหาวิทยาลัยเกษตรศาสตร์,816,250,250,16263.5000,12348.5000,13452.8579,763.7314
0092,คณะมนุษยศาสตร์ สาขาวิชาปรัชญาและศาสนา,มหาวิทยาลัยเกษตรศาสตร์,265,35,35,22697.0000,19455.0000,20114.1240,687.3901
0093,คณะมนุษยศาสตร์ สาขาวิชาภาษาอังกฤษ,มหาวิทยาลัยเกษตรศาสตร์,455,40,40,25027.0000,23173.5000,23792.2210,486.6755
0094,คณะมนุษยศาสตร์ สาขาวิชาภาษาฝรั่งเศส,มหาวิทยาลัยเกษตรศาสตร์,91,30,30,21195.0000,16959.0000,18578.2880,1081.8482
0095,คณะมนุษยศาสตร์ สาขาวิชาภาษาเยอรมัน,มหาวิทยาลัยเกษตรศาสตร์,53,25,17,20244.0000,11622.0000,16436.7176,2111.8498
0096,คณะมนุษยศาสตร์ สาขาวิชาภาษาญี่ปุ่น,มหาวิทยาลัยเกษตรศาสตร์,217,25,25,22998.0000,21414.0000,21916.2840,416.5658
0097,คณะมนุษยศาสตร์ สาขาวิชาภาษาจีน,มหาวิทยาลัยเกษตรศาสตร์,361,25,25,20892.0000,19750.8000,20286.0600,363.2836
0098,คณะมนุษยศาสตร์ สาขาวิชาภาษาไทย,มหาวิทยาลัยเกษตรศาสตร์,226,30,30,22026.0000,20053.0000,20759.7613,596.7566
0099,คณะมนุษยศาสตร์ สาขาวิชาวรรณคดี กลุ่มวรรณคดีไทย,มหาวิทยาลัยเกษตรศาสตร์,84,20,20,22413.0000,19250.5000,19879.1310,698.6804
0100,คณะมนุษยศาสตร์ สาขาวิชาวรรณคดี กลุ่มวรรณคดีอังกฤษ,มหาวิทยาลัยเกษตรศาสตร์,82,25,25,23364.0000,21157.0000,22054.7000,585.5987
0101,คณะมนุษยศาสตร์ สาขาวิชาการท่องเที่ยว,มหาวิทยาลัยเกษตรศาสตร์,297,30,30,19165.0000,17788.5000,18221.4433,372.6302
0102,คณะมนุษยศาสตร์ สาขาวิชาการท่องเที่ยว รูปแบบที่ 2 เลือกสอบวิชาภาษาฝรั่งเศส,มหาวิทยาลัยเกษตรศาสตร์,43,20,6,20880.0000,18856.2000,19625.7450,714.7611
0103,คณะมนุษยศาสตร์ สาขาวิชาการท่องเที่ยว รูปแบบที่ 2 เลือกสอบวิชาภาษาเยอรมัน,มหาวิทยาลัยเกษตรศาสตร์,24,0,0
0104,คณะมนุษยศาสตร์ สาขาวิชาการท่องเที่ยว รูปแบบที่ 2 เลือกสอบวิชาภาษาญี่ปุ่น,มหาวิทยาลัยเกษตรศาสตร์,52,0,8,21267.0000,19077.0000
0105,คณะมนุษยศาสตร์ สาขาวิชาการท่องเที่ยว รูปแบบที่ 2 เลือกสอบวิชาภาษาจีน,มหาวิทยาลัยเกษตรศาสตร์,62,0,6,19669.2000,18802.2000
0106,คณะมนุษยศาสตร์ สาขาวิชาสื่อสารมวลชน,มหาวิทยาลัยเกษตรศาสตร์,342,15,15,20741.0000,18793.6000,19162.2760,545.7624
0107,คณะมนุษยศาสตร์ สาขาวิชาสื่อสารมวลชน รูปแบบที่ 1,มหาวิทยาลัยเกษตรศาสตร์,204,15,15,23343.0000,21827.0000,22319.2333,412.7928
0108,คณะมนุษยศาสตร์ สาขาวิชาสื่อสารมวลชน รูปแบบที่ 2 เลือกสอบวิชาภาษาฝรั่งเศส,มหาวิทยาลัยเกษตรศาสตร์,58,15,4,19788.0000,19398.0000,19752.1800,485.3531
0109,คณะมนุษยศาสตร์ สาขาวิชาสื่อสารมวลชน รูปแบบที่ 2 เลือกสอบวิชาภาษาเยอรมัน,มหาวิทยาลัยเกษตรศาสตร์,11,0,1,19377.0000,19377.0000
0110,คณะมนุษยศาสตร์ สาขาวิชาสื่อสารมวลชน รูปแบบที่ 2 เลือกสอบวิชาภาษาญี่ปุ่น,มหาวิทยาลัยเกษตรศาสตร์,49,0,3,20727.6000,19595.1000
0111,คณะมนุษยศาสตร์ สาขาวิชาสื่อสารมวลชน รูปแบบที่ 2 เลือกสอบวิชาภาษาจีน,มหาวิทยาลัยเกษตรศาสตร์,61,0,1,19302.0000,19302.0000
0112,คณะมนุษยศาสตร์ สาขาวิชาสื่อสารมวลชน รูปแบบที่ 2 เลือกสอบวิชาภาษาอาหรับ,มหาวิทยาลัยเกษตรศาสตร์,1,0,0
0113,คณะมนุษยศาสตร์ สาขาวิชาสื่อสารมวลชน รูปแบบที่ 2 เลือกสอบวิชาภาษาบาลี,มหาวิทยาลัยเกษตรศาสตร์,55,0,6,20670.0000,19275.0000
0114,คณะมนุษยศาสตร์ สาขาวิชาภาษาอังกฤษ ภาคพิเศษ,มหาวิทยาลัยเกษตรศาสตร์,244,80,80,23122.0000,20897.0000,21741.1500,611.0472
0115,คณะมนุษยศาสตร์ สาขาวิชาภาษาตะวันออก กลุ่มวิชาภาษาจีนธุรกิจ ภาคพิเศษ,มหาวิทยาลัยเกษตรศาสตร์,239,40,40,22984.0000,20321.0000,21067.0085,566.3841
0116,คณะมนุษยศาสตร์ สาขาวิชาภาษาตะวันออก กลุ่มวิชาภาษาญี่ปุ่นธุรกิจ ภาคพิเศษ,มหาวิทยาลัยเกษตรศาสตร์,218,40,40,23293.0000,20461.0000,21106.7750,628.8374
0117,คณะวนศาสตร์ สาขาวิชาวนศาสตร์,มหาวิทยาลัยเกษตรศาสตร์,628,120,120,16992.6000,13581.6000,14423.3170,642.8835
0118,คณะวนศาสตร์ สาขาวิชาเทคโนโลยีผลิตภัณฑ์ไม้และกระดาษ,มหาวิทยาลัยเกษตรศาสตร์,155,45,45,15668.2000,12789.6000,13555.9133,639.2878
0119,คณะวิทยาศาสตร์ สาขาวิชาคณิตศาสตร์,มหาวิทยาลัยเกษตรศาสตร์,124,35,35,17274.2000,14290.9000,15377.9229,821.2142
0120,คณะวิทยาศาสตร์ สาขาวิชาเคมี,มหาวิทยาลัยเกษตรศาสตร์,206,60,60,17373.0000,14334.8000,15824.1390,658.1468
0121,คณะวิทยาศาสตร์ สาขาวิชาเคมีอุตสาหกรรม,มหาวิทยาลัยเกษตรศาสตร์,79,25,25,17065.0000,14872.0000,15642.7040,559.4078
0122,คณะวิทยาศาสตร์ สาขาวิชาชีววิทยา,มหาวิทยาลัยเกษตรศาสตร์,195,40,40,17461.5000,15152.2000,15771.3600,600.6190
0123,คณะวิทยาศาสตร์ สาขาวิชาสัตววิทยา,มหาวิทยาลัยเกษตรศาสตร์,152,40,40,16759.1000,14165.0000,15077.4350,641.1053
0124,คณะวิทยาศาสตร์ สาขาวิชาพฤกษศาสตร์,มหาวิทยาลัยเกษตรศาสตร์,122,35,35,15901.0000,12274.7000,13848.3583,818.2827
0125,คณะวิทยาศาสตร์ สาขาวิชาพันธุศาสตร์,มหาวิทยาลัยเกษตรศาสตร์,326,60,60,16247.0000,13999.0000,14892.8383,636.3710
0126,คณะวิทยาศาสตร์ สาขาวิชาจุลชีววิทยา,มหาวิทยาลัยเกษตรศาสตร์,224,55,55,16998.0000,14385.5000,15297.3473,696.2216
0127,คณะวิทยาศาสตร์ สาขาวิชาชีวเคมี,มหาวิทยาลัยเกษตรศาสตร์,148,40,40,17050.0000,14568.0000,15395.0770,622.6080
0128,คณะวิทยาศาสตร์ สาขาวิชาวิทยาศาสตร์ชีวภาพรังสี,มหาวิทยาลัยเกษตรศาสตร์,149,50,50,16414.0000,13487.8000,14620.4220,759.2920
0129,คณะวิทยาศาสตร์ สาขาวิชาฟิสิกส์,มหาวิทยาลัยเกษตรศาสตร์,153,45,45,15909.2000,13835.2000,14658.3964,623.4123
0130,คณะวิทยาศาสตร์ สาขาวิชาวิทยาการคอมพิวเตอร์,มหาวิทยาลัยเกษตรศาสตร์,278,60,60,17764.0000,14565.7000,15565.2110,755.8858
0131,คณะวิทยาศาสตร์ สาขาวิชาสถิติ,มหาวิทยาลัยเกษตรศาสตร์,138,50,51,16347.0000,14258.0000,15006.3220,511.9105
0132,คณะวิทยาศาสตร์ สาขาวิชาวิทยาศาสตร์พื้นพิภพ,มหาวิทยาลัยเกษตรศาสตร์,140,40,40,16946.0000,14691.0000,15428.4370,571.4259
0133,คณะวิทยาศาสตร์ สาขาวิชาวิทยาศาสตร์นิวเคลียร์,มหาวิทยาลัยเกษตรศาสตร์,149,40,40,16178.0000,13282.6000,14399.8510,669.6602
0134,คณะวิทยาศาสตร์ สาขาวิชาวิทยาการคอมพิวเตอร์ ภาคพิเศษ,มหาวิทยาลัยเกษตรศาสตร์,169,40,40,15663.4000,13225.9000,13933.6685,515.3566
0135,คณะวิทยาศาสตร์ สาขาวิชาสถิติ ภาคพิเศษ,มหาวิทยาลัยเกษตรศาสตร์,118,20,19,15303.0000,13478.6000,14152.7120,541.3705
0136,คณะวิทยาศาสตร์ สาขาวิชาวิทยาศาสตร์ชีวภาพและเทคโนโลยี (หลักสูตรนานาชาติ) วิชาเอกชีวสารสนเทศ,มหาวิทยาลัยเกษตรศาสตร์,15,50,5,14213.1000,12211.0000,13019.5600,836.6115
0137,คณะวิทยาศาสตร์ สาขาวิชาวิทยาศาสตร์ชีวภาพและเทคโนโลยี (หลักสูตรนานาชาติ) วิชาเอกทรัพยากรและสิ่งแวดล้อมทางน้ำ,มหาวิทยาลัยเกษตรศาสตร์,6,20,3,14972.0000,12811.6000,14008.9000,1099.0766
0138,คณะวิทยาศาสตร์ สาขาวิชาวิทยาศาสตร์ชีวภาพและเทคโนโลยี (หลักสูตรนานาชาติ) วิชาเอกเทคนิคการสัตวแพทย์และการพยาบาลสัตว์,มหาวิทยาลัยเกษตรศาสตร์,37,35,19,15696.1000,11288.0000,13281.8737,1068.8111
0139,คณะวิทยาศาสตร์ สาขาวิชาวิทยาศาสตร์ชีวภาพและเทคโนโลยี (หลักสูตรนานาชาติ) วิชาเอกเทคโนโลยีชีวภาพการเกษตร,มหาวิทยาลัยเกษตรศาสตร์,6,30,2,13903.6000,11523.9000,12713.7500,1682.7020
0140,คณะวิทยาศาสตร์ สาขาวิชาวิทยาศาสตร์ชีวภาพและเทคโนโลยี (หลักสูตรนานาชาติ) วิชาเอกเทคโนโลยีการเพาะเลี้ยงสัตว์น้ำ,มหาวิทยาลัยเกษตรศาสตร์,4,20,1,13093.7000,13093.7000,13093.7000,0.0000
0141,คณะวิทยาศาสตร์ สาขาวิชาวิทยาศาสตร์ชีวภาพและเทคโนโลยี (หลักสูตรนานาชาติ) วิชาเอกวิทยาศาสตร์และเทคโนโลยีผลิตภัณฑ์ประมง,มหาวิทยาลัยเกษตรศาสตร์,1,20,0
0142,คณะวิทยาศาสตร์ สาขาวิชาวิทยาศาสตร์ชีวภาพและเทคโนโลยี (หลักสูตรนานาชาติ) วิชาเอกอุตสาหกรรมเกษตร,มหาวิทยาลัยเกษตรศาสตร์,12,50,2,13758.2000,10790.3000,12274.2500,2098.6222
0143,คณะวิศวกรรมศาสตร์ กลุ่มวิทยาเขตบางเขน (สาขาวิชาวิศวกรรมการบินและอวกาศ วิศวกรรมคอมพิวเตอร์วิศวกรรมเคมี วิศวกรรมเครื่องกล วิศวกรรมไฟฟ้า วิศวกรรมไฟฟ้าเครื่องกลการผลิต วิศวกรรมโยธาวิศวกรรมโยธา-ทรัพยากรน้ำ วิศวกรรมวัสดุ วิศวกรรมสิ่งแวดล้อม และวิศวกรรมอุตสาหกา,มหาวิทยาลัยเกษตรศาสตร์,350,95,95,20513.5000,18116.7500,18887.7921,562.3291
0144,คณะวิศวกรรมศาสตร์ สาขาวิชาวิศวกรรมการบินและอวกาศ,มหาวิทยาลัยเกษตรศาสตร์,119,19,19,20333.4000,19315.5000,19710.5158,310.1482
0145,คณะวิศวกรรมศาสตร์ สาขาวิชาวิศวกรรมคอมพิวเตอร์,มหาวิทยาลัยเกษตรศาสตร์,157,30,30,20521.7000,18883.5000,19677.0873,463.3250
0146,คณะวิศวกรรมศาสตร์ สาขาวิชาวิศวกรรมเคมี,มหาวิทยาลัยเกษตรศาสตร์,136,30,30,20787.0000,19381.7000,19954.5530,346.0031
0147,คณะวิศวกรรมศาสตร์ สาขาวิชาวิศวกรรมเครื่องกล,มหาวิทยาลัยเกษตรศาสตร์,162,22,22,19983.5000,18491.5000,19344.1636,395.5909
0148,คณะวิศวกรรมศาสตร์ สาขาวิชาวิศวกรรมไฟฟ้า,มหาวิทยาลัยเกษตรศาสตร์,198,30,30,20102.0000,18636.5000,19135.0363,321.1992
0149,คณะวิศวกรรมศาสตร์ สาขาวิชาวิศวกรรมไฟฟ้าเครื่องกลการผลิต,มหาวิทยาลัยเกษตรศาสตร์,77,12,12,19317.2500,18043.5000,18550.7750,386.8030
0150,คณะวิศวกรรมศาสตร์ สาขาวิชาวิศวกรรมโยธา,มหาวิทยาลัยเกษตรศาสตร์,169,20,20,19969.7500,18528.0000,19178.6925,480.3449
0151,คณะวิศวกรรมศาสตร์ สาขาวิชาวิศวกรรมโยธา-ทรัพยากรน้ำ,มหาวิทยาลัยเกษตรศาสตร์,154,30,30,18451.0000,16972.3000,17442.1163,393.0061
0152,คณะวิศวกรรมศาสตร์ สาขาวิชาวิศวกรรมวัสดุ,มหาวิทยาลัยเกษตรศาสตร์,147,20,20,19115.0500,17580.3000,18113.5675,407.8166
0153,คณะวิศวกรรมศาสตร์ สาขาวิชาวิศวกรรมสิ่งแวดล้อม,มหาวิทยาลัยเกษตรศาสตร์,91,16,16,18380.1000,16622.7500,17628.1469,546.9500
0154,คณะวิศวกรรมศาสตร์ สาขาวิชาวิศวกรรมอุตสาหการ,มหาวิทยาลัยเกษตรศาสตร์,165,20,20,20112.0000,18107.5000,18802.2350,637.2375
0155,คณะวิศวกรรมศาสตร์ สาขาวิชาวิศวกรรมการบินและอวกาศและสาขาวิชาบริหารธุรกิจ (หลักสูตรร่วมนานาชาติ 2 ปริญญา),มหาวิทยาลัยเกษตรศาสตร์,31,5,5,20347.0000,19252.0000,19756.2600,481.7354
0156,คณะวิศวกรรมศาสตร์ สาขาวิชาวิศวกรรมเครื่องกล (หลักสูตรนานาชาติ),มหาวิทยาลัยเกษตรศาสตร์,34,10,10,19528.6500,17090.5000,18042.0600,762.3417
0157,คณะวิศวกรรมศาสตร์ สาขาวิชาวิศวกรรมซอฟต์แวร์และความรู้ (หลักสูตรนานาชาติ),มหาวิทยาลัยเกษตรศาสตร์,111,12,12,19049.6000,16290.3000,17382.2667,861.6649
0158,คณะวิศวกรรมศาสตร์ สาขาวิชาวิศวกรรมไฟฟ้า (ภาคภาษาอังกฤษ),มหาวิทยาลัยเกษตรศาสตร์,51,5,5,18305.6500,16923.9000,17409.8900,526.6201
0159,คณะวิศวกรรมศาสตร์ สาขาวิชาวิศวกรรมไฟฟ้าเครื่องกลการผลิต (หลักสูตรนานาชาติ),มหาวิทยาลัยเกษตรศาสตร์,117,10,10,17509.5500,16037.7000,16711.7480,475.5212
0160,คณะวิศวกรรมศาสตร์ สาขาวิชาวิศวกรรมสิ่งแวดล้อม (ภาคภาษาอังกฤษ),มหาวิทยาลัยเกษตรศาสตร์,88,7,7,16149.1500,15477.0000,15746.6786,213.6768
0161,คณะวิศวกรรมศาสตร์ สาขาวิชาวิศวกรรมอุตสาหการ (ภาคภาษาอังกฤษ),มหาวิทยาลัยเกษตรศาสตร์,48,11,11,17988.5000,16152.5000,16997.9955,539.8636
0162,สถาบันสมทบวิทยาลัยการชลประทาน สาขาวิชาวิศวกรรมโยธา-ชลประทาน,มหาวิทยาลัยเกษตรศาสตร์,261,100,100,17741.6500,14553.3500,15540.3774,719.6841
0163,คณะศึกษาศาสตร์ สาขาวิชาการสอนคณิตศาสตร์ (หลักสูตร 5 ปี),มหาวิทยาลัยเกษตรศาสตร์,266,25,25,22108.0000,20868.0000,21297.1920,316.4579
0164,คณะศึกษาศาสตร์ สาขาวิชาการสอนวิทยาศาสตร์ (หลักสูตร 5 ปี),มหาวิทยาลัยเกษตรศาสตร์,126,25,25,19626.0000,17988.2000,18647.7200,528.9332
0165,คณะศึกษาศาสตร์ สาขาวิชาคหกรรมศาสตรศึกษา (หลักสูตร 5 ปี),มหาวิทยาลัยเกษตรศาสตร์,138,25,25,21573.0000,17641.4000,18819.2960,1017.9799
0166,คณะศึกษาศาสตร์ สาขาวิชาธุรกิจและคอมพิวเตอร์ศึกษา (หลักสูตร 5 ปี),มหาวิทยาลัยเกษตรศาสตร์,104,20,20,20154.0000,18321.0000,19089.6900,445.0209
0167,คณะศึกษาศาสตร์ สาขาวิชาสุขศึกษา (หลักสูตร 5 ปี),มหาวิทยาลัยเกษตรศาสตร์,84,20,20,19188.0000,16737.8000,17549.6800,613.3628
0168,คณะศึกษาศาสตร์ สาขาวิชาพลศึกษา (หลักสูตร 5 ปี),มหาวิทยาลัยเกษตรศาสตร์,192,20,20,20266.0000,17594.0000,18406.4900,650.3144
0169,คณะเศรษฐศาสตร์ สาขาวิชาเศรษฐศาสตร์,มหาวิทยาลัยเกษตรศาสตร์,813,110,110,20016.8000,18656.3000,19012.2227,290.4039
0170,คณะเศรษฐศาสตร์ สาขาวิชาเศรษฐศาสตร์เกษตร,มหาวิทยาลัยเกษตรศาสตร์,416,120,120,18925.3000,16155.2000,16894.5527,605.2821
0171,คณะเศรษฐศาสตร์ สาขาวิชาเศรษฐศาสตร์สหกรณ์,มหาวิทยาลัยเกษตรศาสตร์,345,110,110,18679.5800,16288.2000,16958.0638,538.0012
0172,คณะเศรษฐศาสตร์ สาขาวิชาธุรกิจการเกษตร,มหาวิทยาลัยเกษตรศาสตร์,185,50,50,19297.1000,17023.5000,17710.9928,547.8607
0173,คณะเศรษฐศาสตร์ สาขาวิชาเศรษฐศาสตร์ ภาคพิเศษ,มหาวิทยาลัยเกษตรศาสตร์,727,220,220,18871.6000,16904.8000,17625.8315,486.9857
0174,คณะเศรษฐศาสตร์ สาขาวิชาเศรษฐศาสตร์เกษตร ภาคพิเศษ,มหาวิทยาลัยเกษตรศาสตร์,453,100,100,17406.0000,15278.6000,15958.7860,418.0361
0175,คณะเศรษฐศาสตร์ สาขาวิชาเศรษฐศาสตร์สหกรณ์ ภาคพิเศษ,มหาวิทยาลัยเกษตรศาสตร์,327,120,120,17678.0000,15015.0000,15871.9720,466.3597
0176,คณะเศรษฐศาสตร์ สาขาวิชาธุรกิจการเกษตร ภาคพิเศษ,มหาวิทยาลัยเกษตรศาสตร์,271,90,90,17282.0000,14936.7000,15793.5909,570.1055
0177,คณะสถาปัตยกรรมศาสตร์ ภาควิชาสถาปัตยกรรม หลักสูตรสถาปัตยกรรมศาสตรบัณฑิต,มหาวิทยาลัยเกษตรศาสตร์,195,53,53,20234.0000,17279.6000,18446.3849,783.2695
0178,คณะสถาปัตยกรรมศาสตร์ ภาควิชาภูมิสถาปัตยกรรม หลักสูตรภูมิสถาปัตยกรรมศาสตรบัณฑิต,มหาวิทยาลัยเกษตรศาสตร์,123,36,36,19951.3000,16750.0000,17900.4583,789.9385
0179,คณะสถาปัตยกรรมศาสตร์ ภาควิชานวัตกรรมอาคาร หลักสูตรวิทยาศาสตรบัณฑิต (สถาปัตยกรรม),มหาวิทยาลัยเกษตรศาสตร์,40,22,22,18930.5400,13930.5000,15814.4536,1310.5761
0180,คณะสัตวแพทยศาสตร์,มหาวิทยาลัยเกษตรศาสตร์,612,82,82,22238.0000,19876.0000,20272.4929,415.3182
0181,คณะเทคนิคการสัตวแพทย์ สาขาวิชาเทคนิคการสัตวแพทย์,มหาวิทยาลัยเกษตรศาสตร์,233,50,50,19304.0000,17260.0000,17880.1880,489.0299
0182,คณะเทคนิคการสัตวแพทย์ สาขาวิชาการพยาบาลสัตว์,มหาวิทยาลัยเกษตรศาสตร์,220,70,70,19413.0000,15924.6000,16768.4234,661.2952
0183,คณะสังคมศาสตร์ สาขาวิชาจิตวิทยา (สาขาจิตวิทยาอุตสาหกรรมและองค์การ),มหาวิทยาลัยเกษตรศาสตร์,166,20,20,16952.4000,16182.0000,16518.1900,248.0641
0184,คณะสังคมศาสตร์ สาขาวิชาจิตวิทยา (สาขาจิตวิทยาคลินิก),มหาวิทยาลัยเกษตรศาสตร์,292,20,20,18474.0000,16474.0000,17122.4550,546.9787
0185,คณะสังคมศาสตร์ สาขาวิชาจิตวิทยา (สาขาจิตวิทยาพัฒนาการ),มหาวิทยาลัยเกษตรศาสตร์,172,20,20,16497.0000,15318.0000,15869.7400,385.3442
0186,คณะสังคมศาสตร์ สาขาวิชาจิตวิทยา (สาขาจิตวิทยาชุมชน),มหาวิทยาลัยเกษตรศาสตร์,235,20,20,16218.4400,15291.5000,15645.7620,266.3195
0187,คณะสังคมศาสตร์ สาขาวิชาภูมิศาสตร์,มหาวิทยาลัยเกษตรศาสตร์,162,45,45,15308.0000,13297.6000,14082.4569,584.7863
0188,คณะสังคมศาสตร์ สาขาวิชาประวัติศาสตร์ เลือกสอบวิชาคณิตศาสตร์,มหาวิทยาลัยเกษตรศาสตร์,45,30,4,18368.0000,17299.5000,17710.2167,640.2169
0189,คณะสังคมศาสตร์ สาขาวิชาประวัติศาสตร์ เลือกสอบวิชาภาษาฝรั่งเศส,มหาวิทยาลัยเกษตรศาสตร์,50,0,4,17823.0000,17592.0000
0190,คณะสังคมศาสตร์ สาขาวิชาประวัติศาสตร์ เลือกสอบวิชาภาษาเยอรมัน,มหาวิทยาลัยเกษตรศาสตร์,16,0,2,17981.7000,17875.2000
0191,คณะสังคมศาสตร์ สาขาวิชาประวัติศาสตร์ เลือกสอบวิชาภาษาญี่ปุ่น,มหาวิทยาลัยเกษตรศาสตร์,55,0,6,18291.3000,17034.6000
0192,คณะสังคมศาสตร์ สาขาวิชาประวัติศาสตร์ เลือกสอบวิชาภาษาจีน,มหาวิทยาลัยเกษตรศาสตร์,67,0,7,18615.3000,17127.0000
0193,คณะสังคมศาสตร์ สาขาวิชาประวัติศาสตร์ เลือกสอบวิชาภาษาอาหรับ,มหาวิทยาลัยเกษตรศาสตร์,5,0,0
0194,คณะสังคมศาสตร์ สาขาวิชาประวัติศาสตร์ เลือกสอบวิชาภาษาบาลี,มหาวิทยาลัยเกษตรศาสตร์,70,0,7,20343.0000,17127.0000
0195,คณะสังคมศาสตร์ สาขาวิชารัฐศาสตร์ (การปกครอง) เลือกสอบวิชาคณิตศาสตร์,มหาวิทยาลัยเกษตรศาสตร์,84,20,5,19063.5000,18331.0000,18393.8150,376.9187
0196,คณะสังคมศาสตร์ สาขาวิชารัฐศาสตร์ (การปกครอง) เลือกสอบวิชาภาษาฝรั่งเศส,มหาวิทยาลัยเกษตรศาสตร์,54,0,7,18513.3000,17877.0000
0197,คณะสังคมศาสตร์ สาขาวิชารัฐศาสตร์ (การปกครอง) เลือกสอบวิชาภาษาเยอรมัน,มหาวิทยาลัยเกษตรศาสตร์,16,0,0
0198,คณะสังคมศาสตร์ สาขาวิชารัฐศาสตร์ (การปกครอง) เลือกสอบวิชาภาษาญี่ปุ่น,มหาวิทยาลัยเกษตรศาสตร์,28,0,5,18942.0000,17889.6000
0199,คณะสังคมศาสตร์ สาขาวิชารัฐศาสตร์ (การปกครอง) เลือกสอบวิชาภาษาจีน,มหาวิทยาลัยเกษตรศาสตร์,42,0,3,18732.6000,18162.0000
0200,คณะสังคมศาสตร์ สาขาวิชารัฐศาสตร์ (การปกครอง) เลือกสอบวิชาภาษาอาหรับ,มหาวิทยาลัยเกษตรศาสตร์,3,0,0
0201,คณะสังคมศาสตร์ สาขาวิชารัฐศาสตร์ (รัฐประศาสนศาสตร์) เลือกสอบวิชาคณิตศาสตร์,มหาวิทยาลัยเกษตรศาสตร์,58,30,10,19107.0000,17837.0000,18411.1347,424.4271
0202,คณะสังคมศาสตร์ สาขาวิชารัฐศาสตร์ (รัฐประศาสนศาสตร์) เลือกสอบวิชาภาษาฝรั่งเศส,มหาวิทยาลัยเกษตรศาสตร์,50,0,7,19020.0000,17838.0000
0203,คณะสังคมศาสตร์ สาขาวิชารัฐศาสตร์ (รัฐประศาสนศาสตร์) เลือกสอบวิชาภาษาเยอรมัน,มหาวิทยาลัยเกษตรศาสตร์,18,0,0
0204,คณะสังคมศาสตร์ สาขาวิชารัฐศาสตร์ (รัฐประศาสนศาสตร์) เลือกสอบวิชาภาษาญี่ปุ่น,มหาวิทยาลัยเกษตรศาสตร์,24,0,4,19029.0000,17827.5000
0205,คณะสังคมศาสตร์ สาขาวิชารัฐศาสตร์ (รัฐประศาสนศาสตร์) เลือกสอบวิชาภาษาจีน,มหาวิทยาลัยเกษตรศาสตร์,62,0,8,18819.0000,18006.0000
0206,คณะสังคมศาสตร์ สาขาวิชารัฐศาสตร์ (รัฐประศาสนศาสตร์) เลือกสอบวิชาภาษาอาหรับ,มหาวิทยาลัยเกษตรศาสตร์,2,0,1,18366.0000,18366.0000
0207,คณะสังคมศาสตร์ สาขาวิชารัฐศาสตร์ (บริหารงานยุติธรรมและความปลอดภัย) เลือกสอบวิชาคณิตศาสตร์,มหาวิทยาลัยเกษตรศาสตร์,34,20,3,18483.0000,18039.6000,18537.5300,871.8375
0208,คณะสังคมศาสตร์ สาขาวิชารัฐศาสตร์ (บริหารงานยุติธรรมและความปลอดภัย) เลือกสอบวิชาภาษาฝรั่งเศส,มหาวิทยาลัยเกษตรศาสตร์,48,0,6,18300.0000,17955.6000
0209,คณะสังคมศาสตร์ สาขาวิชารัฐศาสตร์ (บริหารงานยุติธรรมและความปลอดภัย) เลือกสอบวิชาภาษาเยอรมัน,มหาวิทยาลัยเกษตรศาสตร์,14,0,1,20573.1000,20573.1000
0210,คณะสังคมศาสตร์ สาขาวิชารัฐศาสตร์ (บริหารงานยุติธรรมและความปลอดภัย) เลือกสอบวิชาภาษาญี่ปุ่น,มหาวิทยาลัยเกษตรศาสตร์,16,0,4,20559.6000,18102.9000
0211,คณะสังคมศาสตร์ สาขาวิชารัฐศาสตร์ (บริหารงานยุติธรรมและความปลอดภัย) เลือกสอบวิชาภาษาจีน,มหาวิทยาลัยเกษตรศาสตร์,27,0,6,18573.6000,17890.5000
0212,คณะสังคมศาสตร์ สาขาวิชารัฐศาสตร์ (บริหารงานยุติธรรมและความปลอดภัย) เลือกสอบวิชาภาษาอาหรับ,มหาวิทยาลัยเกษตรศาสตร์,2,0,0
0213,คณะสังคมศาสตร์ สาขาวิชารัฐศาสตร์ (ความสัมพันธ์ระหว่างประเทศ) เลือกสอบวิชาคณิตศาสตร์,มหาวิทยาลัยเกษตรศาสตร์,54,20,6,19511.0000,19165.3000,19816.1650,656.3345
0214,คณะสังคมศาสตร์ สาขาวิชารัฐศาสตร์ (ความสัมพันธ์ระหว่างประเทศ) เลือกสอบวิชาภาษาฝรั่งเศส,มหาวิทยาลัยเกษตรศาสตร์,56,0,6,20301.0000,19134.3000
0215,คณะสังคมศาสตร์ สาขาวิชารัฐศาสตร์ (ความสัมพันธ์ระหว่างประเทศ) เลือกสอบวิชาภาษาเยอรมัน,มหาวิทยาลัยเกษตรศาสตร์,20,0,2,20313.0000,19488.0000
0216,คณะสังคมศาสตร์ สาขาวิชารัฐศาสตร์ (ความสัมพันธ์ระหว่างประเทศ) เลือกสอบวิชาภาษาญี่ปุ่น,มหาวิทยาลัยเกษตรศาสตร์,44,0,5,21357.0000,20076.6000
0217,คณะสังคมศาสตร์ สาขาวิชารัฐศาสตร์ (ความสัมพันธ์ระหว่างประเทศ) เลือกสอบวิชาภาษาจีน,มหาวิทยาลัยเกษตรศาสตร์,57,0,1,19101.0000,19101.0000
0218,คณะสังคมศาสตร์ สาขาวิชารัฐศาสตร์ (ความสัมพันธ์ระหว่างประเทศ) เลือกสอบวิชาภาษาอาหรับ,มหาวิทยาลัยเกษตรศาสตร์,2,0,0
0219,คณะสังคมศาสตร์ สาขาวิชานิติศาสตร์ เลือกสอบวิชาคณิตศาสตร์,มหาวิทยาลัยเกษตรศาสตร์,240,20,20,19436.0000,18716.0000,19005.8850,199.9197
0220,คณะสังคมศาสตร์ สาขาวิชานิติศาสตร์ เลือกสอบวิชาภาษาฝรั่งเศส,มหาวิทยาลัยเกษตรศาสตร์,68,20,5,19194.0000,18738.0000,19132.2450,349.6123
0221,คณะสังคมศาสตร์ สาขาวิชานิติศาสตร์ เลือกสอบวิชาภาษาเยอรมัน,มหาวิทยาลัยเกษตรศาสตร์,37,0,4,19458.6000,19065.0000
0222,คณะสังคมศาสตร์ สาขาวิชานิติศาสตร์ เลือกสอบวิชาภาษาญี่ปุ่น,มหาวิทยาลัยเกษตรศาสตร์,37,0,7,19888.8000,18750.0000
0223,คณะสังคมศาสตร์ สาขาวิชานิติศาสตร์ เลือกสอบวิชาภาษาจีน,มหาวิทยาลัยเกษตรศาสตร์,57,0,3,19623.0000,18618.0000
0224,คณะสังคมศาสตร์ สาขาวิชานิติศาสตร์ เลือกสอบวิชาภาษาอาหรับ,มหาวิทยาลัยเกษตรศาสตร์,1,0,0
0225,คณะสังคมศาสตร์ สาขาวิชานิติศาสตร์ เลือกสอบวิชาภาษาบาลี,มหาวิทยาลัยเกษตรศาสตร์,39,0,1,18924.0000,18924.0000
0226,คณะสังคมศาสตร์ สาขาวิชาสังคมวิทยาและมานุษยวิทยา,มหาวิทยาลัยเกษตรศาสตร์,421,50,50,17797.0000,16521.5000,16975.3600,306.2525
0227,คณะสังคมศาสตร์ สาขาวิชารัฐศาสตร์ (การปกครอง) ภาคพิเศษ เลือกสอบวิชาคณิตศาสตร์,มหาวิทยาลัยเกษตรศาสตร์,44,30,4,17190.0000,16612.0000,17210.0867,521.3081
0228,คณะสังคมศาสตร์ สาขาวิชารัฐศาสตร์ (การปกครอง) ภาคพิเศษ เลือกสอบวิชาภาษาฝรั่งเศส,มหาวิทยาลัยเกษตรศาสตร์,47,0,10,17880.3000,16656.0000
0229,คณะสังคมศาสตร์ สาขาวิชารัฐศาสตร์ (การปกครอง) ภาคพิเศษ เลือกสอบวิชาภาษาเยอรมัน,มหาวิทยาลัยเกษตรศาสตร์,23,0,7,18801.0000,16615.5000
0230,คณะสังคมศาสตร์ สาขาวิชารัฐศาสตร์ (การปกครอง) ภาคพิเศษ เลือกสอบวิชาภาษาญี่ปุ่น,มหาวิทยาลัยเกษตรศาสตร์,17,0,4,17877.3000,16575.3000
0231,คณะสังคมศาสตร์ สาขาวิชารัฐศาสตร์ (การปกครอง) ภาคพิเศษ เลือกสอบวิชาภาษาจีน,มหาวิทยาลัยเกษตรศาสตร์,36,0,5,17467.5000,16587.6000
0232,คณะสังคมศาสตร์ สาขาวิชารัฐศาสตร์ (การปกครอง) ภาคพิเศษ เลือกสอบวิชาภาษาอาหรับ,มหาวิทยาลัยเกษตรศาสตร์,3,0,0
0233,คณะสังคมศาสตร์ สาขาวิชารัฐศาสตร์ (รัฐประศาสนศาสตร์) ภาคพิเศษ เลือกสอบวิชาคณิตศาสตร์,มหาวิทยาลัยเกษตรศาสตร์,83,50,10,17662.6000,16838.6000,17221.8084,325.5273
0234,คณะสังคมศาสตร์ สาขาวิชารัฐศาสตร์ (รัฐประศาสนศาสตร์) ภาคพิเศษ เลือกสอบวิชาภาษาฝรั่งเศส,มหาวิทยาลัยเกษตรศาสตร์,111,0,9,17265.9000,16776.3000
0235,คณะสังคมศาสตร์ สาขาวิชารัฐศาสตร์ (รัฐประศาสนศาสตร์) ภาคพิเศษ เลือกสอบวิชาภาษาเยอรมัน,มหาวิทยาลัยเกษตรศาสตร์,60,0,6,17571.0000,16803.0000
0236,คณะสังคมศาสตร์ สาขาวิชารัฐศาสตร์ (รัฐประศาสนศาสตร์) ภาคพิเศษ เลือกสอบวิชาภาษาญี่ปุ่น,มหาวิทยาลัยเกษตรศาสตร์,63,0,8,17844.0000,16806.3000
0237,คณะสังคมศาสตร์ สาขาวิชารัฐศาสตร์ (รัฐประศาสนศาสตร์) ภาคพิเศษ เลือกสอบวิชาภาษาจีน,มหาวิทยาลัยเกษตรศาสตร์,109,0,16,18099.0000,16789.5000
0238,คณะสังคมศาสตร์ สาขาวิชารัฐศาสตร์ (รัฐประศาสนศาสตร์) ภาคพิเศษ เลือกสอบวิชาภาษาอาหรับ,มหาวิทยาลัยเกษตรศาสตร์,5,0,1,17364.0000,17364.0000
0239,คณะสังคมศาสตร์ สาขาวิชารัฐศาสตร์ (บริหารงานยุติธรรมและความปลอดภัย) ภาคพิเศษ เลือกสอบวิชาคณิตศาสตร์,มหาวิทยาลัยเกษตรศาสตร์,59,30,5,17574.9000,16793.6000,17123.3567,320.3510
0240,คณะสังคมศาสตร์ สาขาวิชารัฐศาสตร์ (บริหารงานยุติธรรมและความปลอดภัย) ภาคพิเศษ เลือกสอบวิชาภาษาฝรั่งเศส,มหาวิทยาลัยเกษตรศาสตร์,84,0,8,17881.5000,16771.8000
0241,คณะสังคมศาสตร์ สาขาวิชารัฐศาสตร์ (บริหารงานยุติธรรมและความปลอดภัย) ภาคพิเศษ เลือกสอบวิชาภาษาเยอรมัน,มหาวิทยาลัยเกษตรศาสตร์,36,0,2,17121.0000,16938.6000
0242,คณะสังคมศาสตร์ สาขาวิชารัฐศาสตร์ (บริหารงานยุติธรรมและความปลอดภัย) ภาคพิเศษ เลือกสอบวิชาภาษาญี่ปุ่น,มหาวิทยาลัยเกษตรศาสตร์,46,0,6,17319.0000,16756.2000
0243,คณะสังคมศาสตร์ สาขาวิชารัฐศาสตร์ (บริหารงานยุติธรรมและความปลอดภัย) ภาคพิเศษ เลือกสอบวิชาภาษาจีน,มหาวิทยาลัยเกษตรศาสตร์,70,0,9,17592.3000,16734.9000
0244,คณะสังคมศาสตร์ สาขาวิชารัฐศาสตร์ (บริหารงานยุติธรรมและความปลอดภัย) ภาคพิเศษ เลือกสอบวิชาภาษาอาหรับ,มหาวิทยาลัยเกษตรศาสตร์,2,0,0
0245,คณะสังคมศาสตร์ สาขาวิชารัฐศาสตร์ (ความสัมพันธ์ระหว่างประเทศ) ภาคพิเศษ เลือกสอบวิชาคณิตศาสตร์,มหาวิทยาลัยเกษตรศาสตร์,31,30,2,17974.0000,17679.0000,18236.8233,431.6854
0246,คณะสังคมศาสตร์ สาขาวิชารัฐศาสตร์ (ความสัมพันธ์ระหว่างประเทศ) ภาคพิเศษ เลือกสอบวิชาภาษาฝรั่งเศส,มหาวิทยาลัยเกษตรศาสตร์,51,0,7,19065.0000,17697.0000
0247,คณะสังคมศาสตร์ สาขาวิชารัฐศาสตร์ (ความสัมพันธ์ระหว่างประเทศ) ภาคพิเศษ เลือกสอบวิชาภาษาเยอรมัน,มหาวิทยาลัยเกษตรศาสตร์,17,0,1,18366.0000,18366.0000
0248,คณะสังคมศาสตร์ สาขาวิชารัฐศาสตร์ (ความสัมพันธ์ระหว่างประเทศ) ภาคพิเศษ เลือกสอบวิชาภาษาญี่ปุ่น,มหาวิทยาลัยเกษตรศาสตร์,29,0,13,19251.0000,17823.3000
0249,คณะสังคมศาสตร์ สาขาวิชารัฐศาสตร์ (ความสัมพันธ์ระหว่างประเทศ) ภาคพิเศษ เลือกสอบวิชาภาษาจีน,มหาวิทยาลัยเกษตรศาสตร์,38,0,7,18380.4000,17673.0000
0250,คณะสังคมศาสตร์ สาขาวิชารัฐศาสตร์ (ความสัมพันธ์ระหว่างประเทศ) ภาคพิเศษ เลือกสอบวิชาภาษาอาหรับ,มหาวิทยาลัยเกษตรศาสตร์,1,0,0
0251,คณะสังคมศาสตร์ สาขาวิชานิติศาสตร์ ภาคพิเศษ เลือกสอบวิชาคณิตศาสตร์,มหาวิทยาลัยเกษตรศาสตร์,307,60,60,18991.0000,16791.0000,17515.8217,530.5121
0252,คณะสังคมศาสตร์ สาขาวิชานิติศาสตร์ ภาคพิเศษ เลือกสอบวิชาภาษาฝรั่งเศส,มหาวิทยาลัยเกษตรศาสตร์,53,20,6,18585.3000,17565.0000,17887.5000,355.6425
0253,คณะสังคมศาสตร์ สาขาวิชานิติศาสตร์ ภาคพิเศษ เลือกสอบวิชาภาษาเยอรมัน,มหาวิทยาลัยเกษตรศาสตร์,18,0,3,18474.0000,17481.0000
0254,คณะสังคมศาสตร์ สาขาวิชานิติศาสตร์ ภาคพิเศษ เลือกสอบวิชาภาษาญี่ปุ่น,มหาวิทยาลัยเกษตรศาสตร์,18,0,3,17970.3000,17533.2000
0255,คณะสังคมศาสตร์ สาขาวิชานิติศาสตร์ ภาคพิเศษ เลือกสอบวิชาภาษาจีน,มหาวิทยาลัยเกษตรศาสตร์,34,0,6,18369.0000,17473.8000
0256,คณะสังคมศาสตร์ สาขาวิชานิติศาสตร์ ภาคพิเศษ เลือกสอบวิชาภาษาอาหรับ,มหาวิทยาลัยเกษตรศาสตร์,0,0,0
0257,คณะสังคมศาสตร์ สาขาวิชานิติศาสตร์ ภาคพิเศษ เลือกสอบวิชาภาษาบาลี,มหาวิทยาลัยเกษตรศาสตร์,31,0,2,17955.6000,17583.9000
0258,คณะสังคมศาสตร์ สาขาวิชาเอเชียตะวันออกเฉียงใต้ศึกษา ภาคพิเศษ เลือกสอบวิชาคณิตศาสตร์,มหาวิทยาลัยเกษตรศาสตร์,21,25,1,17304.0000,17304.0000,17809.5240,477.5073
0259,คณะสังคมศาสตร์ สาขาวิชาเอเชียตะวันออกเฉียงใต้ศึกษา ภาคพิเศษ เลือกสอบวิชาภาษาฝรั่งเศส,มหาวิทยาลัยเกษตรศาสตร์,32,0,0
0260,คณะสังคมศาสตร์ สาขาวิชาเอเชียตะวันออกเฉียงใต้ศึกษา ภาคพิเศษ เลือกสอบวิชาภาษาเยอรมัน,มหาวิทยาลัยเกษตรศาสตร์,9,0,0
0261,คณะสังคมศาสตร์ สาขาวิชาเอเชียตะวันออกเฉียงใต้ศึกษา ภาคพิเศษ เลือกสอบวิชาภาษาญี่ปุ่น,มหาวิทยาลัยเกษตรศาสตร์,24,0,4,17894.4000,17352.0000
0262,คณะสังคมศาสตร์ สาขาวิชาเอเชียตะวันออกเฉียงใต้ศึกษา ภาคพิเศษ เลือกสอบวิชาภาษาจีน,มหาวิทยาลัยเกษตรศาสตร์,65,0,14,18633.0000,17331.0000
0263,คณะสังคมศาสตร์ สาขาวิชาเอเชียตะวันออกเฉียงใต้ศึกษา ภาคพิเศษ เลือกสอบวิชาภาษาอาหรับ,มหาวิทยาลัยเกษตรศาสตร์,2,0,0
0264,คณะสังคมศาสตร์ สาขาวิชาเอเชียตะวันออกเฉียงใต้ศึกษา ภาคพิเศษ เลือกสอบวิชาภาษาบาลี,มหาวิทยาลัยเกษตรศาสตร์,44,0,6,19458.0000,17455.2000
0265,คณะสิ่งแวดล้อม ภาควิชาเทคโนโลยีและการจัดการสิ่งแวดล้อม สาขาวิชาวิทยาศาสตร์สิ่งแวดล้อม,มหาวิทยาลัยเกษตรศาสตร์,219,70,70,16218.0000,13496.2000,14278.2177,577.2528
0266,คณะอุตสาหกรรมเกษตร (สาขาวิชาวิทยาศาสตร์และเทคโนโลยีการอาหาร เทคโนโลยีการบรรจุเทคโนโลยีชีวภาพ พัฒนาผลิตภัณฑ์อุตสาหกรรมเกษตร),มหาวิทยาลัยเกษตรศาสตร์,491,190,190,18655.0000,14939.2000,16025.5653,754.3756
0267,คณะอุตสาหกรรมเกษตร สาขาวิชาวิทยาศาสตร์และเทคโนโลยีสิ่งทอ,มหาวิทยาลัยเกษตรศาสตร์,93,40,33,15974.0000,11433.7000,13912.8636,1117.4224
0268,คณะอุตสาหกรรมเกษตร สาขาวิชาเทคโนโลยีการบรรจุ (ภาคพิเศษ),มหาวิทยาลัยเกษตรศาสตร์,40,50,14,14899.8000,11598.6000,12878.7000,998.9543
0269,คณะอุตสาหกรรมเกษตร สาขาวิชาเทคโนโลยีชีวภาพ (ภาคพิเศษ),มหาวิทยาลัยเกษตรศาสตร์,32,60,14,15957.5000,10883.1000,12894.8286,1355.9985
0270,คณะอุตสาหกรรมเกษตร สาขาวิชาพัฒนาผลิตภัณฑ์อุตสาหกรรมเกษตร (ภาคพิเศษ),มหาวิทยาลัยเกษตรศาสตร์,35,50,12,15281.8000,10245.6000,12995.5417,1298.2270
0271,คณะอุตสาหกรรมเกษตร สาขาวิชาวิทยาศาสตร์และเทคโนโลยีการอาหาร (ภาคพิเศษ),มหาวิทยาลัยเกษตรศาสตร์,134,27,27,16838.5000,14248.4000,14997.1052,718.6012
0272,คณะอุตสาหกรรมเกษตร สาขาวิชาวิทยาศาสตร์และเทคโนโลยีสิ่งทอ (ภาคพิเศษ),มหาวิทยาลัยเกษตรศาสตร์,27,70,12,13613.0000,10189.0000,11999.9083,1055.7347
0273,คณะอุตสาหกรรมเกษตร สาขาวิชานวัตกรรมและเทคโนโลยีอุตสาหกรรมเกษตร (หลักสูตรนานาชาติ),มหาวิทยาลัยเกษตรศาสตร์,5,50,1,15515.0000,15515.0000,15515.0000,0.0000
0274,คณะเกษตร กำแพงแสน สาขาวิชาเกษตรศาสตร์ (กีฏวิทยา โรคพืช ปฐพีวิทยา พืชสวน พืชไร่นา ส่งเสริมและนิเทศศาสตร์เกษตร) วิทยาเขตกำแพงแสน,มหาวิทยาลัยเกษตรศาสตร์,584,160,160,19151.0000,11754.6000,12827.0171,1043.3703
0275,คณะเกษตร กำแพงแสน สาขาวิชาเครื่องจักรกลและเมคคาทรอนิกส์เกษตร วิทยาเขตกำแพงแสน,มหาวิทยาลัยเกษตรศาสตร์,139,50,50,14373.0000,11287.0000,12416.5628,771.8735
0276,คณะเกษตร กำแพงแสน สาขาวิชาเทคโนโลยีชีวภาพทางการเกษตร วิทยาเขตกำแพงแสน,มหาวิทยาลัยเกษตรศาสตร์,99,40,40,14850.0000,10997.2000,12406.1450,870.9860
0277,คณะเกษตร กำแพงแสน สาขาวิชาสัตวศาสตร์ วิทยาเขตกำแพงแสน,มหาวิทยาลัยเกษตรศาสตร์,139,50,50,16499.0000,13101.0000,13994.1440,690.5776
0278,คณะวิศวกรรมศาสตร์กำแพงแสน สาขาวิชาวิศวกรรมเกษตร วิทยาเขตกำแพงแสน,มหาวิทยาลัยเกษตรศาสตร์,197,50,50,15902.1500,13568.7500,14299.9830,505.2585
0279,คณะวิศวกรรมศาสตร์กำแพงแสน สาขาวิชาวิศวกรรมเครื่องกล วิทยาเขตกำแพงแสน,มหาวิทยาลัยเกษตรศาสตร์,243,45,45,17059.2500,15359.2500,15862.0820,405.3043
0280,คณะวิศวกรรมศาสตร์กำแพงแสน สาขาวิชาวิศวกรรมการอาหาร วิทยาเขตกำแพงแสน,มหาวิทยาลัยเกษตรศาสตร์,103,35,35,16322.1000,13656.8000,14719.6700,689.2656
0281,คณะวิศวกรรมศาสตร์กำแพงแสน สาขาวิชาวิศวกรรมโยธา-ชลประทาน วิทยาเขตกำแพงแสน,มหาวิทยาลัยเกษตรศาสตร์,195,40,40,17160.0000,14967.3000,15499.5275,590.2017
0282,คณะวิศวกรรมศาสตร์กำแพงแสน สาขาวิชาวิศวกรรมโยธา วิทยาเขตกำแพงแสน,มหาวิทยาลัยเกษตรศาสตร์,184,35,35,17213.5000,15226.1500,15932.3371,538.7936
0283,คณะวิศวกรรมศาสตร์กำแพงแสน สาขาวิชาวิศวกรรมคอมพิวเตอร์และอิเล็กทรอนิกส์ วิทยาเขตกำแพงแสน,มหาวิทยาลัยเกษตรศาสตร์,179,38,37,16856.6500,14954.5000,15395.3632,462.2505
0284,คณะวิศวกรรมศาสตร์กำแพงแสน สาขาวิชาวิศวกรรมอุตสาหการ-โลจิสติกส์,มหาวิทยาลัยเกษตรศาสตร์,144,10,10,16815.5000,15827.1000,16170.3930,370.4005
0285,คณะวิศวกรรมศาสตร์กำแพงแสน สาขาวิชาวิศวกรรมคอมพิวเตอร์และอิเล็กทรอนิกส์ (ภาคพิเศษ)วิทยาเขตกำแพงแสน,มหาวิทยาลัยเกษตรศาสตร์,101,45,45,14685.0000,10846.3500,13007.9422,939.7619
0286,คณะวิศวกรรมศาสตร์กำแพงแสน สาขาวิชาวิศวกรรมโยธา (ภาคพิเศษ) วิทยาเขตกำแพงแสน,มหาวิทยาลัยเกษตรศาสตร์,131,25,25,15936.5000,13803.1500,14493.0140,544.6500
0287,คณะวิศวกรรมศาสตร์กำแพงแสน สาขาวิชาวิศวกรรมเกษตร (ภาคพิเศษ) วิทยาเขตกำแพงแสน,มหาวิทยาลัยเกษตรศาสตร์,103,20,20,14088.5000,12490.2500,13238.2975,379.4159
0288,คณะวิศวกรรมศาสตร์กำแพงแสน สาขาวิชาวิศวกรรมเครื่องกล (ภาคพิเศษ) วิทยาเขตกำแพงแสน,มหาวิทยาลัยเกษตรศาสตร์,147,25,25,15853.0000,14228.5000,14712.6160,459.6156
0289,คณะศึกษาศาสตร์และพัฒนศาสตร์ สาขาวิชาเกษตรและสิ่งแวดล้อมศึกษา (วท.บ.)(หลักสูตร 4 ปี) วิทยาเขตกำแพงแสน,มหาวิทยาลัยเกษตรศาสตร์,135,60,60,13472.3000,10549.2000,11910.8617,884.4168
0290,คณะศึกษาศาสตร์และพัฒนศาสตร์ การจัดการเรียนรู้ (หลักสูตร 5 ปี)สาขาวิชาพลศึกษาและสุขศึกษา (ศษ.บ.) วิทยาเขตกำแพงแสน รูปแบบที่ 1,มหาวิทยาลัยเกษตรศาสตร์,165,25,25,19003.0000,16441.0000,17113.5176,642.4425
0291,คณะศึกษาศาสตร์และพัฒนศาสตร์ การจัดการเรียนรู้ (หลักสูตร 5 ปี)สาขาวิชาภาษาอังกฤษศึกษา (ศษ.บ.) วิทยาเขตกำแพงแสน รูปแบบที่ 1,มหาวิทยาลัยเกษตรศาสตร์,205,25,25,21474.0000,19931.0000,20300.1656,364.1815
0292,คณะศึกษาศาสตร์และพัฒนศาสตร์ การจัดการเรียนรู้ (หลักสูตร 5 ปี)สาขาวิชาคณิตศาสตร์ศึกษา (ศษ.บ.) วิทยาเขตกำแพงแสน รูปแบบที่ 2,มหาวิทยาลัยเกษตรศาสตร์,214,25,25,18878.0000,17411.2000,18061.0000,411.1288
0293,คณะศึกษาศาสตร์และพัฒนศาสตร์ การจัดการเรียนรู้ (หลักสูตร 5 ปี) สาขาวิชาวิทยาศาสตร์ศึกษา (ศษ.บ.) วิทยาเขตกำแพงแสน รูปแบบที่ 2,มหาวิทยาลัยเกษตรศาสตร์,169,50,50,18559.1000,16766.1000,17500.3640,466.1794
0294,คณะศิลปศาสตร์และวิทยาศาสตร์ สาขาวิชาเคมี วิทยาเขตกำแพงแสน,มหาวิทยาลัยเกษตรศาสตร์,80,45,33,15905.3000,12063.5000,13712.8061,1051.6332
0295,คณะศิลปศาสตร์และวิทยาศาสตร์ สาขาวิชาฟิสิกส์ วิทยาเขตกำแพงแสน,มหาวิทยาลัยเกษตรศาสตร์,38,50,22,14347.0000,11182.0000,12475.4318,1024.2859
0296,คณะศิลปศาสตร์และวิทยาศาสตร์ สาขาวิชาวิทยาศาสตร์ชีวภาพ วิทยาเขตกำแพงแสน,มหาวิทยาลัยเกษตรศาสตร์,152,50,50,15608.3000,11753.2000,13134.5400,812.8135
0297,คณะศิลปศาสตร์และวิทยาศาสตร์ สาขาวิชาจุลชีววิทยา วิทยาเขตกำแพงแสน,มหาวิทยาลัยเกษตรศาสตร์,86,45,45,16017.0000,10757.0000,13257.7756,1172.8714
0298,คณะศิลปศาสตร์และวิทยาศาสตร์ สาขาวิชาวิทยาการคอมพิวเตอร์ วิทยาเขตกำแพงแสน,มหาวิทยาลัยเกษตรศาสตร์,170,50,50,14541.0000,11855.3000,12721.0480,679.3842
0299,คณะศิลปศาสตร์และวิทยาศาสตร์ สาขาวิชาภาษาอังกฤษ วิทยาเขตกำแพงแสน,มหาวิทยาลัยเกษตรศาสตร์,574,70,70,22522.0000,20231.5000,20817.9786,494.4570
0300,คณะศิลปศาสตร์และวิทยาศาสตร์ สาขาวิชาการจัดการ วิทยาเขตกำแพงแสน,มหาวิทยาลัยเกษตรศาสตร์,308,60,60,18470.0000,15223.9000,16015.4523,729.4933
0301,คณะศิลปศาสตร์และวิทยาศาสตร์ สาขาวิชาการตลาด วิทยาเขตกำแพงแสน,มหาวิทยาลัยเกษตรศาสตร์,492,80,80,18320.0000,15554.5000,16238.0200,532.3165
0302,คณะศิลปศาสตร์และวิทยาศสตร์ สาขาวิชาการบัญชีบริหาร วิทยาเขตกำแพงแสน,มหาวิทยาลัยเกษตรศาสตร์,368,50,50,19165.0000,17266.0000,17756.1460,480.5173
0303,คณะศิลปศาสตร์และวิทยาศาสตร์ สาขาวิชาเทคโนโลยีสารสนเทศ วิทยาเขตกำแพงแสน,มหาวิทยาลัยเกษตรศาสตร์,267,60,60,13865.8000,11634.0000,12708.8617,588.1466
0304,คณะศิลปศาสตร์และวิทยาศาสตร์ สาขาวิชาคณิตศาสตร์ประยุกต์ วิทยาเขตกำแพงแสน,มหาวิทยาลัยเกษตรศาสตร์,287,70,70,14988.0000,11979.0000,12850.9671,665.8976
0305,คณะศิลปศาสตร์และวิทยาศาสตร์ สาขาวิชาการจัดการโรงแรมและท่องเที่ยว รูปแบบที่ 1 วิทยาเขตกำแพงแสน (Q13),มหาวิทยาลัยเกษตรศาสตร์,217,40,40,21007.0000,18663.5000,19470.7375,629.5668
0306,คณะศิลปศาสตร์และวิทยาศาสตร์ สาขาวิชาการจัดการโรงแรมและท่องเที่ยว วิทยาเขตกำแพงแสน (Q13) รูปแบบที่ 2 เลือกสอบวิชาภาษาฝรั่งเศส,มหาวิทยาลัยเกษตรศาสตร์,63,40,10,19294.0000,17952.0000,18608.0800,439.8802
0307,คณะศิลปศาสตร์และวิทยาศาสตร์ สาขาวิชาการจัดการโรงแรมและท่องเที่ยว วิทยาเขตกำแพงแสน (Q13) รูปแบบที่ 2 เลือกสอบวิชาภาษาเยอรมัน,มหาวิทยาลัยเกษตรศาสตร์,21,0,3,18858.6000,18330.8000
0308,คณะศิลปศาสตร์และวิทยาศาสตร์ สาขาวิชาการจัดการโรงแรมและท่องเที่ยว วิทยาเขตกำแพงแสน (Q13) รูปแบบที่ 2 เลือกสอบวิชาภาษาญี่ปุ่น,มหาวิทยาลัยเกษตรศาสตร์,61,0,5,19189.0000,18182.0000
0309,คณะศิลปศาสตร์และวิทยาศาสตร์ สาขาวิชาการจัดการโรงแรมและท่องเที่ยว วิทยาเขตกำแพงแสน (Q13) รูปแบบที่ 2 เลือกสอบวิชาภาษาจีน,มหาวิทยาลัยเกษตรศาสตร์,117,0,17,19548.0000,18023.0000
0310,คณะศิลปศาสตร์และวิทยาศาสตร์ สาขาวิชาการจัดการโรงแรมและท่องเที่ยว วิทยาเขตกำแพงแสน (Q13) รูปแบบที่ 2 เลือกสอบวิชาภาษาอาหรับ,มหาวิทยาลัยเกษตรศาสตร์,0,0,0
0311,คณะศิลปศาสตร์และวิทยาศาสตร์ สาขาวิชาการจัดการโรงแรมและท่องเที่ยว วิทยาเขตกำแพงแสน (Q13) รูปแบบที่ 2 เลือกสอบวิชาภาษาบาลี,มหาวิทยาลัยเกษตรศาสตร์,37,0,5,19257.0000,17975.0000
0312,คณะศิลปศาสตร์และวิทยาศาสตร์ สาขาวิชาภาษาตะวันออก วิทยาเขตกำแพงแสน รูปแบบที่ 1,มหาวิทยาลัยเกษตรศาสตร์,248,35,33,20239.0000,18776.0000,19336.3029,452.9098
0313,คณะศิลปศาสตร์และวิทยาศาสตร์ สาขาวิชาภาษาตะวันออก วิทยาเขตกำแพงแสน รูปแบบที่ 2 เลือกสอบวิชาภาษาฝรั่งเศส,มหาวิทยาลัยเกษตรศาสตร์,10,0,0
0314,คณะศิลปศาสตร์และวิทยาศาสตร์ สาขาวิชาภาษาตะวันออก วิทยาเขตกำแพงแสน รูปแบบที่ 2 เลือกสอบวิชาภาษาเยอรมัน,มหาวิทยาลัยเกษตรศาสตร์,4,0,0
0315,คณะศิลปศาสตร์และวิทยาศาสตร์ สาขาวิชาภาษาตะวันออก วิทยาเขตกำแพงแสน รูปแบบที่ 2 เลือกสอบวิชาภาษาญี่ปุ่น,มหาวิทยาลัยเกษตรศาสตร์,17,0,0
0316,คณะศิลปศาสตร์และวิทยาศาสตร์ สาขาวิชาภาษาตะวันออก วิทยาเขตกำแพงแสน รูปแบบที่ 2 เลือกสอบวิชาภาษาจีน,มหาวิทยาลัยเกษตรศาสตร์,68,0,2,19118.1000,18858.0000
0317,คณะศิลปศาสตร์และวิทยาศาสตร์ สาขาวิชาภาษาตะวันออก วิทยาเขตกำแพงแสน รูปแบบที่ 2 เลือกสอบวิชาภาษาอาหรับ,มหาวิทยาลัยเกษตรศาสตร์,0,0,0
0318,คณะศิลปศาสตร์และวิทยาศาสตร์ สาขาวิชาภาษาตะวันออก วิทยาเขตกำแพงแสน รูปแบบที่ 2 เลือกสอบวิชาภาษาบาลี,มหาวิทยาลัยเกษตรศาสตร์,4,0,0
0319,คณะศิลปศาสตร์และวิทยาศาสตร์ สาขาวิชาเทคโนโลยีสารสนเทศ (ภาคพิเศษ) วิทยาเขตกำแพงแสน,มหาวิทยาลัยเกษตรศาสตร์,388,100,100,13272.0000,10366.0000,11274.4730,530.9724
0320,คณะศิลปศาสตร์และวิทยาศาสตร์ สาขาวิชาภาษาอังกฤษ (ภาคพิเศษ) วิทยาเขตกำแพงแสน,มหาวิทยาลัยเกษตรศาสตร์,229,45,11,17589.2000,16800.4000,17221.9267,392.3065
0321,คณะศิลปศาสตร์และวิทยาศาสตร์ สาขาวิชาภาษาอังกฤษ (ภาคพิเศษ) วิทยาเขตกำแพงแสน รูปแบบที่ 2 เลือกสอบวิชาภาษาฝรั่งเศส,มหาวิทยาลัยเกษตรศาสตร์,160,0,6,17505.0000,16795.2000
0322,คณะศิลปศาสตร์และวิทยาศาสตร์ สาขาวิชาภาษาอังกฤษ (ภาคพิเศษ) วิทยาเขตกำแพงแสน รูปแบบที่ 2 เลือกสอบวิชาภาษาจีน,มหาวิทยาลัยเกษตรศาสตร์,121,0,19,18261.0000,16920.0000
0323,คณะศิลปศาสตร์และวิทยาศาสตร์ สาขาวิชาภาษาอังกฤษ (ภาคพิเศษ) วิทยาเขตกำแพงแสน รูปแบบที่ 2 เลือกสอบวิชาภาษาญี่ปุ่น,มหาวิทยาลัยเกษตรศาสตร์,82,0,9,18423.0000,16758.0000
0324,คณะศิลปศาสตร์และวิทยาศาสตร์ สาขาวิชาวิทยาการคอมพิวเตอร์ (ภาคพิเศษ) วิทยาเขตกำแพงแสน,มหาวิทยาลัยเกษตรศาสตร์,96,60,35,13372.7000,08381.6000,11124.7097,1194.3873
0325,คณะศิลปศาสตร์และวิทยาศาสตร์ สาขาวิชาการจัดการ (ภาคพิเศษ) วิทยาเขตกำแพงแสน,มหาวิทยาลัยเกษตรศาสตร์,384,60,60,17078.5000,14151.0000,14900.2917,565.3074
0326,คณะศิลปศาสตร์และวิทยาศาสตร์ สาขาวิชาการตลาด (ภาคพิเศษ) วิทยาเขตกำแพงแสน,มหาวิทยาลัยเกษตรศาสตร์,650,50,50,16018.0000,14262.1000,14885.4240,495.8687
0327,คณะศิลปศาสตร์และวิทยาศาสตร์ สาขาวิชาการบัญชีบริหาร (ภาคพิเศษ) วิทยาเขตกำแพงแสน,มหาวิทยาลัยเกษตรศาสตร์,250,20,20,17192.3000,16078.6000,16533.9350,267.0613
0328,คณะศิลปศาสตร์และวิทยาศาสตร์ สาขาวิชาการจัดการโรงแรมและท่องเที่ยว (ภาคพิเศษ) รูปแบบที่ 1 วิทยาเขตกำแพงแสน (Q13),มหาวิทยาลัยเกษตรศาสตร์,276,110,110,20148.0000,15848.5000,17595.3485,930.8476
0329,คณะศิลปศาสตร์และวิทยาศาสตร์ สาขาวิชาการจัดการโรงแรมและท่องเที่ยว (ภาคพิเศษ) วิทยาเขตกำแพงแสน (Q13) รูปแบบที่ 2 เลือกสอบวิชาภาษาฝรั่งเศส,มหาวิทยาลัยเกษตรศาสตร์,164,110,16,17701.0000,16508.0000,17003.8927,444.0293
0330,คณะศิลปศาสตร์และวิทยาศาสตร์ สาขาวิชาการจัดการโรงแรมและท่องเที่ยว (ภาคพิเศษ) วิทยาเขตกำแพงแสน (Q13) รูปแบบที่ 2 เลือกสอบวิชาภาษาเยอรมัน,มหาวิทยาลัยเกษตรศาสตร์,54,0,8,17818.0000,16577.8000
0331,คณะศิลปศาสตร์และวิทยาศาสตร์ สาขาวิชาการจัดการโรงแรมและท่องเที่ยว (ภาคพิเศษ) วิทยาเขตกำแพงแสน (Q13) รูปแบบที่ 2 เลือกสอบวิชาภาษาญี่ปุ่น,มหาวิทยาลัยเกษตรศาสตร์,142,0,28,18246.0000,16457.8000
0332,คณะศิลปศาสตร์และวิทยาศาสตร์ สาขาวิชาการจัดการโรงแรมและท่องเที่ยว (ภาคพิเศษ) วิทยาเขตกำแพงแสน (Q13) รูปแบบที่ 2 เลือกสอบวิชาภาษาจีน,มหาวิทยาลัยเกษตรศาสตร์,316,0,46,18045.8000,16435.2000
0333,คณะศิลปศาสตร์และวิทยาศาสตร์ สาขาวิชาการจัดการโรงแรมและท่องเที่ยว (ภาคพิเศษ) วิทยาเขตกำแพงแสน (Q13) รูปแบบที่ 2 เลือกสอบวิชาภาษาอาหรับ,มหาวิทยาลัยเกษตรศาสตร์,3,0,0
0334,คณะศิลปศาสตร์และวิทยาศาสตร์ สาขาวิชาการจัดการโรงแรมและท่องเที่ยว (ภาคพิเศษ) วิทยาเขตกำแพงแสน (Q13) รูปแบบที่ 2 เลือกสอบวิชาภาษาบาลี,มหาวิทยาลัยเกษตรศาสตร์,102,0,12,18091.0000,16451.0000
0335,คณะวิทยาศาสตร์การกีฬา สาขาวิชาวิทยาศาสตร์การกีฬาและการออกกำลังกาย วิทยาเขตกำแพงแสน,มหาวิทยาลัยเกษตรศาสตร์,267,65,65,16884.8000,13423.6000,14301.6028,735.3746
0336,คณะวิทยาศาสตร์การกีฬา สาขาวิชาวิทยาศาสตร์การกีฬาและการออกกำลังกาย (ภาคพิเศษ) วิทยาเขตกำแพงแสน,มหาวิทยาลัยเกษตรศาสตร์,270,50,50,15176.0000,12027.6000,12817.1068,674.1582
0337,โครงการขยายโอกาสทางการศึกษา หลักสูตรวิทยาศาสตรบัณฑิต สาขาวิชาประมง (สาขาเพาะเลี้ยงสัตว์น้ำ) วิทยาเขตกำแพงแสน *,มหาวิทยาลัยเกษตรศาสตร์,370,110,110,15732.1000,10970.6000,12046.1142,745.3264
0338,คณะวิทยาการจัดการ สาขาวิชาการจัดการ วิทยาเขตศรีราชา,มหาวิทยาลัยเกษตรศาสตร์,420,70,70,17781.8000,14332.6000,15085.7329,679.1970
0339,คณะวิทยาการจัดการ สาขาวิชาการตลาด วิทยาเขตศรีราชา,มหาวิทยาลัยเกษตรศาสตร์,297,80,80,17324.8000,14730.0000,15661.8513,730.4616
0340,คณะวิทยาการจัดการ สาขาวิชาการเงินและการลงทุน วิทยาเขตศรีราชา,มหาวิทยาลัยเกษตรศาสตร์,257,70,70,17274.0000,15104.2000,15774.5106,582.1801
0341,คณะวิทยาการจัดการ สาขาวิชาธุรกิจระหว่างประเทศ วิทยาเขตศรีราชา,มหาวิทยาลัยเกษตรศาสตร์,330,90,90,17852.0000,15478.3000,16367.7200,570.7534
0342,คณะวิทยาการจัดการ สาขาวิชาการจัดการโรงแรมและท่องเที่ยว วิทยาเขตศรีราชา,มหาวิทยาลัยเกษตรศาสตร์,415,80,80,18854.0000,15019.9000,15827.3555,672.2736
0343,คณะวิทยาการจัดการ สาขาวิชาการบัญชีบริหาร วิทยาเขตศรีราชา,มหาวิทยาลัยเกษตรศาสตร์,458,80,80,19673.3000,17085.8000,17619.9525,484.0637
0344,คณะวิทยาการจัดการ สาขาวิชาการจัดการโลจิสติกส์ วิทยาเขตศรีราชา,มหาวิทยาลัยเกษตรศาสตร์,380,80,80,18239.3000,15869.2000,16548.4513,535.0175
0345,คณะวิทยาการจัดการ สาขาวิชาการจัดการ (ภาคพิเศษ) วิทยาเขตศรีราชา,มหาวิทยาลัยเกษตรศาสตร์,137,40,40,16123.0000,12559.9000,13832.7075,936.7321
0346,คณะวิทยาการจัดการ สาขาวิชาการตลาด (ภาคพิเศษ) วิทยาเขตศรีราชา,มหาวิทยาลัยเกษตรศาสตร์,116,40,40,15866.6000,12547.6000,13868.4975,775.2846
0347,คณะวิทยาการจัดการ สาขาวิชาการเงินและการลงทุน (ภาคพิเศษ) วิทยาเขตศรีราชา,มหาวิทยาลัยเกษตรศาสตร์,65,40,40,16854.3000,11293.0000,13837.8350,1349.1656
0348,คณะวิทยาการจัดการ สาขาวิชาธุรกิจระหว่างประเทศ (ภาคพิเศษ) วิทยาเขตศรีราชา,มหาวิทยาลัยเกษตรศาสตร์,131,40,40,17411.9000,13681.3000,14877.5700,867.6957
0349,คณะวิทยาการจัดการ สาขาวิชาการจัดการโรงแรมและท่องเที่ยว (ภาคพิเศษ) วิทยาเขตศรีราชา,มหาวิทยาลัยเกษตรศาสตร์,157,40,40,16167.0000,13659.1000,14635.3950,576.7063
0350,คณะวิทยาการจัดการ สาขาวิชาการบัญชีบริหาร (ภาคพิเศษ) วิทยาเขตศรีราชา,มหาวิทยาลัยเกษตรศาสตร์,126,40,40,17003.0000,15549.4000,16238.3625,405.9327
0351,คณะวิทยาการจัดการ สาขาวิชาการจัดการโลจิสติกส์ (ภาคพิเศษ) วิทยาเขตศรีราชา,มหาวิทยาลัยเกษตรศาสตร์,155,40,40,16869.0000,14542.7000,15190.1260,523.6135
0352,คณะวิทยาศาสตร์ ศรีราชา สาขาวิชาวิทยาการคอมพิวเตอร์ วิทยาเขตศรีราชา,มหาวิทยาลัยเกษตรศาสตร์,87,50,39,15032.0000,08332.3000,11813.6764,1351.7771
0353,คณะวิทยาศาสตร์ ศรีราชา สาขาวิชาวิทยาศาสตร์สิ่งแวดล้อม วิทยาเขตศรีราชา,มหาวิทยาลัยเกษตรศาสตร์,110,30,30,14649.0000,12357.5000,13169.7333,640.7948
0354,คณะวิทยาศาสตร์ ศรีราชา สาขาวิชาเทคโนโลยีสารสนเทศ วิทยาเขตศรีราชา,มหาวิทยาลัยเกษตรศาสตร์,83,70,32,13742.0000,10049.0000,11748.3469,1046.9051
0355,คณะวิทยาศาสตร์ ศรีราชา สาขาวิชาฟิสิกส์ วิทยาเขตศรีราชา,มหาวิทยาลัยเกษตรศาสตร์,119,40,32,13174.7000,10030.5000,12154.4794,800.3691
0356,คณะวิทยาศาสตร์ ศรีราชา สาขาวิชาคณิตศาสตร์ประยุกต์ วิทยาเขตศรีราชา,มหาวิทยาลัยเกษตรศาสตร์,126,40,31,14766.5000,10506.5000,12663.8452,807.8709
0357,คณะวิทยาศาสตร์ ศรีราชา สาขาวิชาเคมี วิทยาเขตศรีราชา,มหาวิทยาลัยเกษตรศาสตร์,57,25,25,13774.8000,10176.4000,12440.3576,914.3248
0358,คณะวิทยาศาสตร์ ศรีราชา สาขาวิชาวิทยาการคอมพิวเตอร์ (ภาคพิเศษ) วิทยาเขตศรีราชา,มหาวิทยาลัยเกษตรศาสตร์,104,70,43,13194.1000,09030.9000,11153.4614,1058.5836
0359,คณะวิทยาศาสตร์ ศรีราชา สาขาวิชาเทคโนโลยีสารสนเทศ (ภาคพิเศษ) วิทยาเขตศรีราชา,มหาวิทยาลัยเกษตรศาสตร์,215,70,69,12455.3000,08239.3000,10589.5484,796.7527
0360,คณะวิศวกรรมศาสตร์ศรีราชา สาขาวิชาวิศวกรรมไฟฟ้าและอิเล็กทรอนิกส์ วิทยาเขตศรีราชา,มหาวิทยาลัยเกษตรศาสตร์,167,90,90,17119.0000,12324.7500,14201.6711,1024.0413
0361,คณะวิศวกรรมศาสตร์ศรีราชา สาขาวิชาวิศวกรรมอุตสาหการและระบบ วิทยาเขตศรีราชา,มหาวิทยาลัยเกษตรศาสตร์,89,60,51,17344.8000,11347.9000,14389.3910,1146.6773
0362,คณะวิศวกรรมศาสตร์ศรีราชา สาขาวิชาวิศวกรรมเครื่องกลและการออกแบบ วิทยาเขตศรีราชา,มหาวิทยาลัยเกษตรศาสตร์,73,55,35,17153.0000,10315.7000,14091.8211,1681.3086
0363,คณะวิศวกรรมศาสตร์ศรีราชา สาขาวิชาวิศวกรรมคอมพิวเตอร์และสารสนเทศศาสตร์ วิทยาเขตศรีราชา,มหาวิทยาลัยเกษตรศาสตร์,99,70,38,16659.7500,10970.9500,13753.8184,1321.7145
0364,คณะวิศวกรรมศาสตร์ศรีราชา สาขาวิชาวิศวกรรมโยธา วิทยาเขตศรีราชา,มหาวิทยาลัยเกษตรศาสตร์,132,40,40,15884.6500,13781.9000,14618.2013,593.5231
0365,คณะวิศวกรรมศาสตร์ศรีราชา สาขาวิชาวิศวกรรมเครื่องกลและระบบการผลิต (ภาคพิเศษ) วิทยาเขตศรีราชา,มหาวิทยาลัยเกษตรศาสตร์,105,60,50,14704.6500,10433.9000,13056.7512,966.0735
0366,คณะเศรษฐศาสตร์ ศรีราชา สาขาวิชาเศรษฐศาสตร์,มหาวิทยาลัยเกษตรศาสตร์,632,200,200,18248.0000,14216.3000,15290.5948,745.1719
0367,คณะเศรษฐศาสตร์ ศรีราชา สาขาวิชาเศรษฐศาสตร์ (ภาคพิเศษ),มหาวิทยาลัยเกษตรศาสตร์,319,150,150,15187.6000,11826.4000,13252.7135,727.2987
0368,คณะพาณิชยนาวีนานาชาติ สาขาวิชาวิศวกรรมต่อเรือและเครื่องกลเรือ วิทยาเขตศรีราชา,มหาวิทยาลัยเกษตรศาสตร์,109,40,40,17346.5000,12767.7500,14091.5215,1161.4922
0369,คณะพาณิชยนาวีนานาชาติ สาขาวิชาวิทยาศาสตร์การเดินเรือ วิทยาเขตศรีราชา **,มหาวิทยาลัยเกษตรศาสตร์,92,40,40,17101.3000,12777.3000,14277.1075,1111.4561
0370,คณะพาณิชยนาวีนานาชาติ สาขาวิชาการขนส่งทางทะเล วิทยาเขตศรีราชา,มหาวิทยาลัยเกษตรศาสตร์,85,40,40,16799.0000,12558.0000,13902.2785,1004.9344
0371,คณะวิทยาศาสตร์และวิศวกรรมศาสตร์ สาขาวิชาวิศวกรรมเครื่องกลและการผลิต วิทยาเขตฯ สกลนคร,มหาวิทยาลัยเกษตรศาสตร์,79,80,22,13334.4500,09324.2500,11614.6932,1163.9780
0372,คณะวิทยาศาสตร์และวิศวกรรมศาสตร์ สาขาวิชาวิศวกรรมอุตสาหการ วิทยาเขตฯ สกลนคร,มหาวิทยาลัยเกษตรศาสตร์,9,40,2,11580.4000,10059.7000,10820.0500,1075.2973
0373,คณะวิทยาศาสตร์และวิศวกรรมศาสตร์ สาขาวิชาวิศวกรรมไฟฟ้า วิทยาเขตฯ สกลนคร,มหาวิทยาลัยเกษตรศาสตร์,153,40,40,14196.2000,09701.4500,11508.5180,1154.4363
0374,คณะวิทยาศาสตร์และวิศวกรรมศาสตร์ สาขาวิชาวิศวกรรมคอมพิวเตอร์ วิทยาเขตฯ สกลนคร,มหาวิทยาลัยเกษตรศาสตร์,25,40,5,13817.4500,09758.3500,11440.3100,1841.9359
0375,คณะวิทยาศาสตร์และวิศวกรรมศาสตร์ สาขาวิชาวิศวกรรมโยธา วิทยาเขตฯ สกลนคร,มหาวิทยาลัยเกษตรศาสตร์,169,60,50,14592.2000,09427.3000,11557.7720,1240.6725
0376,คณะวิทยาศาสตร์และวิศวกรรมศาสตร์ สาขาวิชาเทคโนโลยีสารสนเทศ วิทยาเขตฯ สกลนคร,มหาวิทยาลัยเกษตรศาสตร์,9,50,2,11534.4000,09913.2000,10723.8000,1146.3615
0377,คณะวิทยาศาสตร์และวิศวกรรมศาสตร์ สาขาวิชาเคมีประยุกต์ วิทยาเขตฯ สกลนคร,มหาวิทยาลัยเกษตรศาสตร์,30,40,10,13257.0000,11006.2000,11952.8900,612.9981
0378,คณะวิทยาศาสตร์และวิศวกรรมศาสตร์ สาขาวิชาวิทยาการคอมพิวเตอร์ วิทยาเขตฯ สกลนคร,มหาวิทยาลัยเกษตรศาสตร์,36,50,7,11871.0000,08792.0000,10156.2571,1025.8925
0379,คณะวิทยาศาสตร์และวิศวกรรมศาสตร์ สาขาวิชาวิศวกรรมไฟฟ้า (ภาคพิเศษ) วิทยาเขตฯ สกลนคร,มหาวิทยาลัยเกษตรศาสตร์,7,40,1,13005.5000,13005.5000,13005.5000,0.0000
0380,คณะวิทยาศาสตร์และวิศวกรรมศาสตร์ สาขาวิชาวิศวกรรมโยธา (ภาคพิเศษ) วิทยาเขตฯ สกลนคร,มหาวิทยาลัยเกษตรศาสตร์,6,40,0
0381,คณะวิทยาศาสตร์และวิศวกรรมศาสตร์ สาขาวิชาคณิตศาสตร์ประยุกต์ วิทยาเขตฯ สกลนคร,มหาวิทยาลัยเกษตรศาสตร์,2,40,1,12145.6000,12145.6000,12145.6000,0.0000
0382,คณะทรัพยากรธรรมชาติและอุตสาหกรรมเกษตร สาขาวิชาเทคโนโลยีการอาหาร วิทยาเขตฯ สกลนคร,มหาวิทยาลัยเกษตรศาสตร์,42,60,13,14325.0000,08593.5000,11418.7769,1508.6123
0383,คณะทรัพยากรธรรมชาติและอุตสาหกรรมเกษตร สาขาวิชาอาหารปลอดภัยและโภชนาการ วิทยาเขตฯ สกลนคร,มหาวิทยาลัยเกษตรศาสตร์,18,60,10,13205.5000,07977.6000,10818.5100,1368.9204
0384,คณะทรัพยากรธรรมชาติและอุตสาหกรรมเกษตร สาขาวิชาทรัพยากรเกษตร วิทยาเขตฯ สกลนคร,มหาวิทยาลัยเกษตรศาสตร์,26,60,12,12144.3000,08997.8000,10622.6667,932.3932
0385,คณะทรัพยากรธรรมชาติและอุตสาหกรรมเกษตร สาขาวิชาทรัพยากรเกษตรและการจัดการการผลิต วิทยาเขตฯ สกลนคร,มหาวิทยาลัยเกษตรศาสตร์,5,60,1,10351.0000,10351.0000,10351.0000,0.0000
0386,คณะทรัพยากรธรรมชาติและอุตสาหกรรมเกษตร สาขาวิชาประมง (เพาะเลี้ยงสัตว์น้ำ) วิทยาเขตฯ สกลนคร,มหาวิทยาลัยเกษตรศาสตร์,12,60,4,11372.4000,09197.7000,10492.5500,987.2219
0387,คณะทรัพยากรธรรมชาติและอุตสาหกรรมเกษตร สาขาวิชาสัตวศาสตร์ วิทยาเขตฯ สกลนคร,มหาวิทยาลัยเกษตรศาสตร์,39,60,11,12526.7000,09597.7000,11170.7091,978.0819
0388,คณะศิลปศาสตร์และวิทยาการจัดการ สาขาวิชาการจัดการ วิทยาเขตฯ สกลนคร,มหาวิทยาลัยเกษตรศาสตร์,113,80,46,14023.6000,07229.7000,10917.5609,1600.7595
0389,คณะศิลปศาสตร์และวิทยาการจัดการ สาขาวิชาการบัญชี วิทยาเขตฯ สกลนคร,มหาวิทยาลัยเกษตรศาสตร์,222,80,80,17067.0000,10802.5000,13073.6235,1434.7821
0390,คณะศิลปศาสตร์และวิทยาการจัดการ สาขาวิชาการตลาด วิทยาเขตฯ สกลนคร,มหาวิทยาลัยเกษตรศาสตร์,63,80,23,14734.6000,08617.9000,11664.0565,1634.8393
0391,คณะศิลปศาสตร์และวิทยาการจัดการ สาขาวิชาการจัดการโรงแรมและท่องเที่ยว วิทยาเขตฯ สกลนคร,มหาวิทยาลัยเกษตรศาสตร์,122,80,56,18400.0000,08721.5000,13893.3364,1703.8872
0392,คณะศิลปศาสตร์และวิทยาการจัดการ สาขาวิชาภาษาอังกฤษ วิทยาเขตฯ สกลนคร,มหาวิทยาลัยเกษตรศาสตร์,160,50,50,18717.0000,14008.0000,16069.2592,1050.5817
0393,คณะศิลปศาสตร์และวิทยาการจัดการ สาขาวิชาการเงิน วิทยาเขตฯ สกลนคร,มหาวิทยาลัยเกษตรศาสตร์,102,50,23,13813.1000,08656.9000,10685.3652,1330.1351
0394,คณะศิลปศาสตร์และวิทยาการจัดการ สาขาวิชานิติศาสตร์ วิทยาเขตฯ สกลนคร,มหาวิทยาลัยเกษตรศาสตร์,44,80,12,15552.0000,07302.0000,10847.1667,3026.4002
0395,คณะศิลปศาสตร์และวิทยาการจัดการ สาขาวิชารัฐประศาสนศาสตร์ วิทยาเขตฯ สกลนคร,มหาวิทยาลัยเกษตรศาสตร์,16,80,4,15947.0000,08415.8400,13030.5850,3235.8410
0396,คณะสาธารณสุขศาสตร์ สาขาวิชาสาธารณสุขศาสตร์ วิทยาเขตฯ สกลนคร,มหาวิทยาลัยเกษตรศาสตร์,133,30,30,15762.0000,13780.6000,14636.6673,578.1283
0397,คณะสาธารณสุขศาสตร์ สาขาวิชาอนามัยสิ่งแวดล้อม วิทยาเขตฯ สกลนคร,มหาวิทยาลัยเกษตรศาสตร์,114,30,30,14319.8000,11808.8000,12817.3667,707.3787
0398,โครงการจัดตั้งวิทยาเขตสุพรรณบุรี สาขาวิชาการจัดการโรงแรมและท่องเที่ยว ภาคพิเศษ,มหาวิทยาลัยเกษตรศาสตร์,44,100,31,16957.0000,06772.0000,12540.8710,2627.0181
4192,คณะศิลปศาสตร์และวิทยาศาสตร์ สาขาวิชาภาษาอังกฤษเพื่ออุตสาหกรรมบริการ วิทยาเขตกำแพงแสน,มหาวิทยาลัยเกษตรศาสตร์,174,100,100,20117.0000,15044.5000,17133.6270,1296.5282
